Teams,Seasons,Players,Nationality,Position,Matches,Goals,Assists,Seasons Ratings
InterMiami,2023/2024,Lionel Messi,Argentina,Forward (Attacker),15,14,11,8.5
InterMiami,2022/2023,Lionel Messi,Argentina,Forward (Attacker),14,11,5,8
PSG,2021/2022,Lionel Messi,Argentina,Forward (Attacker),41,21,20,8.1
PSG,2020/2021,Lionel Messi,Argentina,Forward (Attacker),34,11,14,7.9
Barcelona,2019/2020,Lionel Messi,Argentina,Forward (Attacker),47,38,12,8.4
Barcelona,2018/2019,Lionel Messi,Argentina,Forward (Attacker),44,31,25,8.3
Barcelona,2017/2018,Lionel Messi,Argentina,Forward (Attacker),50,51,19,8.5
Barcelona,2016/2017,Lionel Messi,Argentina,Forward (Attacker),54,45,18,8.4
Barcelona,2015/2016,Lionel Messi,Argentina,Forward (Attacker),52,54,16,8.4
AL Nassr,2023/2024,Cristiano Ronaldo,Portugal,Forward (Attacker),51,50,13,8.1
AL Nassr,2022/2023,Cristiano Ronaldo,Portugal,Forward (Attacker),19,14,2,7.7
Man United,2021/2022,Cristiano Ronaldo,Portugal,Forward (Attacker),16,3,2,7
Man United,2020/2021,Cristiano Ronaldo,Portugal,Forward (Attacker),38,24,3,7.5
Juventus,2019/2020,Cristiano Ronaldo,Portugal,Forward (Attacker),46,37,7,6.7
Juventus,2018/2019,Cristiano Ronaldo,Portugal,Forward (Attacker),44,36,5,7.9
Juventus,2017/2018,Cristiano Ronaldo,Portugal,Forward (Attacker),43,28,10,7.9
Real Madrid,2016/2017,Cristiano Ronaldo,Portugal,Forward (Attacker),46,42,11,7.9
Real Madrid,2015/2016,Cristiano Ronaldo,Portugal,Forward (Attacker),48,51,15,8.6
AL Hilal,2023/2024,Neymar,Brazil,Forward (Attacker),5,1,2,7.5
PSG,2022/2023,Neymar,Brazil,Forward (Attacker),29,18,16,8
PSG,2021/2022,Neymar,Brazil,Forward (Attacker),28,13,8,7.8
PSG,2020/2021,Neymar,Brazil,Forward (Attacker),31,17,7,7.7
PSG,2019/2020,Neymar,Brazil,Forward (Attacker),27,19,11,8.3
PSG,2018/2019,Neymar,Brazil,Forward (Attacker),28,23,10,8.4
PSG,2017/2018,Neymar,Brazil,Forward (Attacker),30,28,16,8.9
Barcelona,2016/2017,Neymar,Brazil,Forward (Attacker),45,20,21,8.4
Barcelona,2015/2016,Neymar,Brazil,Forward (Attacker),49,31,20,8.6
PSG,2023/2024,Kylian Mbappe,France,Forward (Attacker),48,44,10,8
PSG,2022/2023,Kylian Mbappe,France,Forward (Attacker),43,41,9,7.9
PSG,2021/2022,Kylian Mbappe,France,Forward (Attacker),46,39,21,8.2
PSG,2020/2021,Kylian Mbappe,France,Forward (Attacker),47,42,11,7.9
PSG,2019/2020,Kylian Mbappe,France,Forward (Attacker),37,30,14,7.9
PSG,2018/2019,Kylian Mbappe,France,Forward (Attacker),43,39,13,8.1
PSG,2017/2018,Kylian Mbappe,France,Forward (Attacker),44,21,13,7.6
Monaco,2016/2017,Kylian Mbappe,France,Forward (Attacker),2,0,0,7.6
Monaco,2015/2016,Kylian Mbappe,France,Forward (Attacker),44,26,8,7.5
Liverpool,2023/2024,Mohamed Salah,Egypt,Forward (Attacker),44,25,13,7.5
Liverpool,2022/2023,Mohamed Salah,Egypt,Forward (Attacker),51,30,16,7.5
Liverpool,2021/2022,Mohamed Salah,Egypt,Forward (Attacker),51,31,15,7.6
Liverpool,2020/2021,Mohamed Salah,Egypt,Forward (Attacker),51,31,6,7.3
Liverpool,2019/2020,Mohamed Salah,Egypt,Forward (Attacker),48,23,13,7.4
Liverpool,2018/2019,Mohamed Salah,Egypt,Forward (Attacker),52,27,10,7.2
Liverpool,2017/2018,Mohamed Salah,Egypt,Forward (Attacker),52,44,14,7.8
Roma,2016/2017,Mohamed Salah,Egypt,Forward (Attacker),41,19,12,7.5
Roma,2015/2016,Mohamed Salah,Egypt,Forward (Attacker),42,15,6,7
AL Ittihad,2023/2024,Karim Benzema,France,Forward (Striker),33,16,9,7.4
Real Madrid,2022/2023,Karim Benzema,France,Forward (Striker),43,31,6,7.8
Real Madrid,2021/2022,Karim Benzema,France,Forward (Striker),46,44,15,8.1
Real Madrid,2020/2021,Karim Benzema,France,Forward (Striker),46,30,9,7.7
Real Madrid,2019/2020,Karim Benzema,France,Forward (Striker),48,27,11,7.5
Real Madrid,2018/2019,Karim Benzema,France,Forward (Striker),53,30,10,7.4
Real Madrid,2017/2018,Karim Benzema,France,Forward (Striker),47,12,11,7.1
Real Madrid,2016/2017,Karim Benzema,France,Forward (Striker),48,19,7,7.2
Real Madrid,2015/2016,Karim Benzema,France,Forward (Striker),36,28,7,6.5
Real Madrid,2023/2024,Vinicius Junior,Brazil,Forward (Winger),39,24,9,7.6
Real Madrid,2022/2023,Vinicius Junior,Brazil,Forward (Winger),55,23,19,7.8
Real Madrid,2021/2022,Vinicius Junior,Brazil,Forward (Winger),52,22,16,7.7
Real Madrid,2020/2021,Vinicius Junior,Brazil,Forward (Winger),49,6,4,6.9
Real Madrid,2019/2020,Vinicius Junior,Brazil,Forward (Winger),38,5,3,6.7
Real Madrid,2018/2019,Vinicius Junior,Brazil,Forward (Winger),31,4,8,6.9
Real Madrid Castilla,2017/2018,Vinicius Junior,Brazil,Forward (Winger),5,4,0,8.8
Flamengo,2016/2017,Vinicius Junior,Brazil,Forward (Winger),32,10,3,7.3
Flamengo,2015/2016,Vinicius Junior,Brazil,Forward (Winger),37,4,1,6.3
Juventus,2023/2024,Paul Pogba,France,Midfielder,2,0,0,6.6
Juventus,2022/2023,Paul Pogba,France,Midfielder,10,0,1,6.5
Man United,2021/2022,Paul Pogba,France,Midfielder,27,1,9,7
Man United,2020/2021,Paul Pogba,France,Midfielder,42,6,6,7.1
Man United,2019/2020,Paul Pogba,France,Midfielder,22,1,3,7.1
Man United,2018/2019,Paul Pogba,France,Midfielder,47,16,11,7.3
Man United,2017/2018,Paul Pogba,France,Midfielder,37,6,12,7.6
Man United,2016/2017,Paul Pogba,France,Midfielder,51,9,6,7.8
Juventus,2015/2016,Paul Pogba,France,Midfielder,49,10,15,7.3
Atletico Madrid,2023/2024,Antoine Griezmann,France,Forward (Attacker),48,24,8,7.6
Atletico Madrid,2022/2023,Antoine Griezmann,France,Forward (Attacker),48,16,18,7.8
Atletico Madrid,2021/2022,Antoine Griezmann,France,Forward (Attacker),36,8,6,7
Barcelona,2020/2021,Antoine Griezmann,France,Forward (Attacker),3,0,0,7
Barcelona,2019/2020,Antoine Griezmann,France,Forward (Attacker),51,20,12,7.5
Barcelona,2018/2019,Antoine Griezmann,France,Forward (Attacker),48,15,4,7.1
Atletico Madrid,2017/2018,Antoine Griezmann,France,Forward (Attacker),48,21,11,7.4
Atletico Madrid,2016/2017,Antoine Griezmann,France,Forward (Attacker),49,29,13,7.5
Atletico Madrid,2015/2016,Antoine Griezmann,France,Forward (Attacker),54,32,6,7.5
Barcelona,2023/2024,Ilkay Gundogan,Germany,Midfielder,51,5,14,7.6
Man City,2022/2023,Ilkay Gundogan,Germany,Midfielder,51,11,6,7.5
Man City,2021/2022,Ilkay Gundogan,Germany,Midfielder,43,10,7,7.5
Man City,2020/2021,Ilkay Gundogan,Germany,Midfielder,46,17,4,7.6
Man City,2019/2020,Ilkay Gundogan,Germany,Midfielder,50,5,4,7.1
Man City,2018/2019,Ilkay Gundogan,Germany,Midfielder,50,6,8,7.3
Man City,2017/2018,Ilkay Gundogan,Germany,Midfielder,48,6,7,7.1
Man City,2016/2017,Ilkay Gundogan,Germany,Midfielder,16,5,1,7.5
Dortmund,2015/2016,Ilkay Gundogan,Germany,Midfielder,40,3,5,7.2
Bayern Munchen,2023/2024,Harry Kane,England,Forward (Striker),45,44,12,7.9
Tottenham,2022/2023,Harry Kane,England,Forward (Striker),49,32,5,7.5
Tottenham,2021/2022,Harry Kane,England,Forward (Striker),50,27,10,7.5
Tottenham,2020/2021,Harry Kane,England,Forward (Striker),49,33,17,7.6
Tottenham,2019/2020,Harry Kane,England,Forward (Striker),34,24,2,7.3
Tottenham,2018/2019,Harry Kane,England,Forward (Striker),40,24,6,7.3
Tottenham,2017/2018,Harry Kane,England,Forward (Striker),48,41,4,7.6
Tottenham,2016/2017,Harry Kane,England,Forward (Striker),38,35,7,7.7
Tottenham,2015/2016,Harry Kane,England,Forward (Striker),50,28,2,7.6
Bayern Munchen,2023/2024,Thomas Muller,Germany,Forward (Attacker),41,7,10,7.2
Bayern Munchen,2022/2023,Thomas Muller,Germany,Forward (Attacker),40,8,11,7.2
Bayern Munchen,2021/2022,Thomas Muller,Germany,Forward (Attacker),45,13,22,7.5
Bayern Munchen,2020/2021,Thomas Muller,Germany,Forward (Attacker),46,15,19,7.6
Bayern Munchen,2019/2020,Thomas Muller,Germany,Forward (Attacker),50,14,25,7.5
Bayern Munchen,2018/2019,Thomas Muller,Germany,Forward (Attacker),45,9,12,7.2
Bayern Munchen,2017/2018,Thomas Muller,Germany,Forward (Attacker),45,9,15,7.3
Bayern Munchen,2016/2017,Thomas Muller,Germany,Forward (Attacker),42,9,15,7
Bayern Munchen,2015/2016,Thomas Muller,Germany,Forward (Attacker),49,32,10,7.4
Barcelona,2023/2024,Robert Lewandowski,Poland,Forward (Striker),49,26,9,7.4
Barcelona,2022/2023,Robert Lewandowski,Poland,Forward (Striker),46,33,8,7.6
Bayern Munchen,2021/2022,Robert Lewandowski,Poland,Forward (Striker),46,50,6,8
Bayern Munchen,2020/2021,Robert Lewandowski,Poland,Forward (Striker),40,48,9,8.1
Bayern Munchen,2019/2020,Robert Lewandowski,Poland,Forward (Striker),47,55,9,8.2
Bayern Munchen,2018/2019,Robert Lewandowski,Poland,Forward (Striker),47,40,9,7.6
Bayern Munchen,2017/2018,Robert Lewandowski,Poland,Forward (Striker),48,41,4,7.5
Bayern Munchen,2016/2017,Robert Lewandowski,Poland,Forward (Striker),47,43,8,7.6
Bayern Munchen,2015/2016,Robert Lewandowski,Poland,Forward (Striker),51,42,4,7.3
Benfica,2023/2024,Angel Di Maria,Argentina,Forward (Winger),48,17,13,7.8
Juventus,2022/2023,Angel Di Maria,Argentina,Forward (Winger),40,8,7,7
PSG,2021/2022,Angel Di Maria,Argentina,Forward (Winger),31,5,8,7.4
PSG,2020/2021,Angel Di Maria,Argentina,Forward (Winger),43,5,15,7.3
PSG,2019/2020,Angel Di Maria,Argentina,Forward (Winger),41,13,22,7.8
PSG,2018/2019,Angel Di Maria,Argentina,Forward (Winger),45,19,16,7.5
PSG,2017/2018,Angel Di Maria,Argentina,Forward (Winger),45,21,9,7.4
PSG,2016/2017,Angel Di Maria,Argentina,Forward (Winger),43,14,15,7.3
PSG,2015/2016,Angel Di Maria,Argentina,Forward (Winger),47,15,22,7.4
Tottenham,2023/2024,Heung Min Son,South Korea,Forward (Winger),36,17,10,7.5
Tottenham,2022/2023,Heung Min Son,South Korea,Forward (Winger),47,14,6,7.1
Tottenham,2021/2022,Heung Min Son,South Korea,Forward (Winger),45,24,8,7.6
Tottenham,2020/2021,Heung Min Son,South Korea,Forward (Winger),51,22,15,7.3
Tottenham,2019/2020,Heung Min Son,South Korea,Forward (Winger),41,18,11,7.2
Tottenham,2018/2019,Heung Min Son,South Korea,Forward (Winger),48,20,19,7
Tottenham,2017/2018,Heung Min Son,South Korea,Forward (Winger),53,18,11,7.1
Tottenham,2016/2017,Heung Min Son,South Korea,Forward (Winger),47,21,7,7.2
Tottenham,2015/2016,Heung Min Son,South Korea,Forward (Winger),40,8,6,7.3
Chelsea,2023/2024,Raheem Sterling,England,Forward (Winger),43,10,8,7
Chelsea,2022/2023,Raheem Sterling,England,Forward (Winger),38,9,4,6.9
Man City,2021/2022,Raheem Sterling,England,Forward (Winger),47,17,8,7.3
Man City,2020/2021,Raheem Sterling,England,Forward (Winger),49,14,10,7.1
Man City,2019/2020,Raheem Sterling,England,Forward (Winger),52,31,5,7.4
Man City,2018/2019,Raheem Sterling,England,Forward (Winger),51,25,15,7.6
Man City,2017/2018,Raheem Sterling,England,Forward (Winger),46,23,13,7.7
Man City,2016/2017,Raheem Sterling,England,Forward (Winger),47,10,15,7.2
Man City,2015/2016,Raheem Sterling,England,Forward (Winger),47,11,8,7.1
Al Ahli,2023/2024,Riyad Mahrez,Algeria,Forward (Winger),33,12,13,7.8
Man City,2022/2023,Riyad Mahrez,Algeria,Forward (Winger),47,15,13,7.4
Man City,2021/2022,Riyad Mahrez,Algeria,Forward (Winger),47,24,9,7.6
Man City,2020/2021,Riyad Mahrez,Algeria,Forward (Winger),48,14,9,7.4
Man City,2019/2020,Riyad Mahrez,Algeria,Forward (Winger),50,13,13,7.3
Man City,2018/2019,Riyad Mahrez,Algeria,Forward (Winger),44,12,12,7.2
Leicester,2017/2018,Riyad Mahrez,Algeria,Forward (Winger),41,13,12,7.3
Leicester,2016/2017,Riyad Mahrez,Algeria,Forward (Winger),48,10,6,7.1
Leicester,2015/2016,Riyad Mahrez,Algeria,Forward (Winger),39,18,11,7.3
AL Nassr,2023/2024,Sadio Mane,Senegal,Forward (Winger),50,19,11,7.7
Bayern Munchen,2022/2023,Sadio Mane,Senegal,Forward (Winger),38,12,6,7.2
Liverpool,2021/2022,Sadio Mane,Senegal,Forward (Winger),51,23,2,7.4
Liverpool,2020/2021,Sadio Mane,Senegal,Forward (Winger),48,16,8,7.3
Liverpool,2019/2020,Sadio Mane,Senegal,Forward (Winger),47,22,9,7.5
Liverpool,2018/2019,Sadio Mane,Senegal,Forward (Winger),50,26,2,7.4
Liverpool,2017,Sadio Mane,Senegal,Forward (Winger),44,20,9,7.7
Liverpool,2016/2017,Sadio Mane,Senegal,Forward (Winger),29,13,7,7.6
Liverpool,2015/2016,Sadio Mane,Senegal,Forward (Winger),43,15,6,7.3
Atletico Madrid,2023/2024,Alvaro Morata,Spain,Forward (Striker),48,21,4,7
Atletico Madrid,2022/2023,Alvaro Morata,Spain,Forward (Striker),45,15,3,7
Juventus,2021/2022,Alvaro Morata,Spain,Forward (Striker),48,12,7,7.1
Juventus,2020/2021,Alvaro Morata,Spain,Forward (Striker),44,20,11,7.2
Atletico Madrid,2019/2020,Alvaro Morata,Spain,Forward (Striker),44,16,4,6.8
Atletico Madrid,2018/2019,Alvaro Morata,Spain,Forward (Striker),17,6,1,7
Chelsea,2017/2018,Alvaro Morata,Spain,Forward (Striker),24,9,0,6.7
Chelsea,2016/2017,Alvaro Morata,Spain,Forward (Striker),48,15,6,6.8
Real Madrid,2015/2016,Alvaro Morata,Spain,Forward (Striker),43,20,5,7.2
Man City,2023/2024,Bernardo Silva,Portugal,Forward (Winger),49,12,10,7.5
Man City,2022/2023,Bernardo Silva,Portugal,Forward (Winger),55,7,6,7.1
Man City,2021/2022,Bernardo Silva,Portugal,Forward (Winger),50,13,7,7.5
Man City,2020/2021,Bernardo Silva,Portugal,Forward (Winger),45,5,9,7.1
Man City,2019/2020,Bernardo Silva,Portugal,Forward (Winger),52,8,10,7.1
Man City,2018/2019,Bernardo Silva,Portugal,Forward (Winger),51,13,13,7.5
Man City,2017/2018,Bernardo Silva,Portugal,Forward (Winger),53,9,10,7.1
Monaco,2016/2017,Bernardo Silva,Portugal,Forward (Winger),58,11,10,7.2
Monaco,2015/2016,Bernardo Silva,Portugal,Forward (Winger),44,7,1,7.1
Man City,2023/2024,Erling Haaland,Norway,Forward (Striker),45,38,6,7.7
Man City,2022/2023,Erling Haaland,Norway,Forward (Striker),53,52,9,7.6
Dortmund,2021/2022,Erling Haaland,Norway,Forward (Striker),30,29,7,7.8
Dortmund,2020/2021,Erling Haaland,Norway,Forward (Striker),41,41,10,7.9
Dortmund,2019/2020,Erling Haaland,Norway,Forward (Striker),18,16,2,7.5
Salzburg,2018/2019,Erling Haaland,Norway,Forward (Striker),22,28,5,7.8
Salzburg,2017/2018,Erling Haaland,Norway,Forward (Striker),5,1,0,6.9
Molde,2016/2017,Erling Haaland,Norway,Forward (Striker),30,16,4,6.9
Molde,2015/2016,Erling Haaland,Norway,Forward (Striker),18,3,1,6.2
Roma,2023/2024,Romelu Lukaku,Belgium,Forward (Striker),47,21,4,7.1
Inter,2022/2023,Romelu Lukaku,Belgium,Forward (Striker),37,14,7,7
Chelsea,2021/2022,Romelu Lukaku,Belgium,Forward (Striker),44,15,0,6.9
Inter,2020/2021,Romelu Lukaku,Belgium,Forward (Striker),44,30,11,7.6
Inter,2019/2020,Romelu Lukaku,Belgium,Forward (Striker),51,34,6,7.2
Man United,2018/2019,Romelu Lukaku,Belgium,Forward (Striker),45,15,3,6.7
Man United,2017/2018,Romelu Lukaku,Belgium,Forward (Striker),51,27,9,7.3
Everton,2016/2017,Romelu Lukaku,Belgium,Forward (Striker),39,26,7,7.4
Everton,2015/2016,Romelu Lukaku,Belgium,Forward (Striker),46,25,6,5.1
Real Madrid,2023/2024,Luka Modric,Croatia,Midfielder,46,2,7,7.1
Real Madrid,2022/2023,Luka Modric,Croatia,Midfielder,52,6,6,7.2
Real Madrid,2021/2022,Luka Modric,Croatia,Midfielder,45,3,12,7.3
Real Madrid,2020/2021,Luka Modric,Croatia,Midfielder,48,6,6,7.4
Real Madrid,2019/2020,Luka Modric,Croatia,Midfielder,40,5,7,7
Real Madrid,2018/2019,Luka Modric,Croatia,Midfielder,46,4,8,7.2
Real Madrid,2017/2018,Luka Modric,Croatia,Midfielder,43,2,8,7.3
Real Madrid,2016/2017,Luka Modric,Croatia,Midfielder,41,1,3,7.4
Real Madrid,2015/2016,Luka Modric,Croatia,Midfielder,44,3,5,6.9
Sevilla,2023/2024,Sergio Ramos,Spain,Defender (Centre-back),37,7,1,7.2
PSG,2022/2023,Sergio Ramos,Spain,Defender (Centre-back),45,4,1,7.2
PSG,2021/2022,Sergio Ramos,Spain,Defender (Centre-back),13,2,0,7.1
Real Madrid,2020/2021,Sergio Ramos,Spain,Defender (Centre-back),21,4,1,7.3
Real Madrid,2019/2020,Sergio Ramos,Spain,Defender (Centre-back),44,13,0,7.1
Real Madrid,2018/2019,Sergio Ramos,Spain,Defender (Centre-back),42,11,1,7.1
Real Madrid,2017/2018,Sergio Ramos,Spain,Defender (Centre-back),42,5,1,7.2
Real Madrid,2016/2017,Sergio Ramos,Spain,Defender (Centre-back),44,10,2,7.2
Real Madrid,2015/2016,Sergio Ramos,Spain,Defender (Centre-back),33,3,2,8.1
Bayern Munchen,2023/2024,Joshua Kimmich,Germany,Midfielder (Defensive),43,2,9,7.5
Bayern Munchen,2022/2023,Joshua Kimmich,Germany,Midfielder (Defensive),47,7,11,7.9
Bayern Munchen,2021/2022,Joshua Kimmich,Germany,Midfielder (Defensive),39,3,11,7.9
Bayern Munchen,2020/2021,Joshua Kimmich,Germany,Midfielder (Defensive),39,6,14,7.7
Bayern Munchen,2019/2020,Joshua Kimmich,Germany,Midfielder (Defensive),51,7,15,7.5
Bayern Munchen,2018/2019,Joshua Kimmich,Germany,Midfielder (Defensive),48,2,18,7.5
Bayern Munchen,2017/2018,Joshua Kimmich,Germany,Midfielder (Defensive),47,6,15,7.4
Bayern Munchen,2016/2017,Joshua Kimmich,Germany,Midfielder (Defensive),40,9,2,7.1
Bayern Munchen,2023/2024,Leroy Sane,Germany,Forward (Winger),42,10,12,7.6
Bayern Munchen,2022/2023,Leroy Sane,Germany,Forward (Winger),44,14,9,7.4
Bayern Munchen,2021/2022,Leroy Sane,Germany,Forward (Winger),45,14,14,7.5
Bayern Munchen,2020/2021,Leroy Sane,Germany,Forward (Winger),44,10,10,7
Man City,2019/2020,Leroy Sane,Germany,Forward (Winger),2,0,0,6.1
Man City,2018/2019,Leroy Sane,Germany,Forward (Winger),47,16,17,7.4
Man City,2017/2018,Leroy Sane,Germany,Forward (Winger),49,14,19,7.6
Man City,2016/2017,Leroy Sane,Germany,Forward (Winger),37,9,6,7.4
Real Madrid,2023/2024,Nacho Fernandez,Spain,Defender (Centre-back),45,0,1,6.8
Real Madrid,2022/2023,Nacho Fernandez,Spain,Defender (Centre-back),44,1,1,7
Real Madrid,2021/2022,Nacho Fernandez,Spain,Defender (Centre-back),42,3,0,7.1
Real Madrid,2020/2021,Nacho Fernandez,Spain,Defender (Centre-back),33,1,0,7
Real Madrid,2019/2020,Nacho Fernandez,Spain,Defender (Centre-back),10,2,0,6.9
Real Madrid,2018/2019,Nacho Fernandez,Spain,Defender (Centre-back),30,0,1,6.7
Real Madrid,2017/2018,Nacho Fernandez,Spain,Defender (Centre-back),42,4,0,7
Real Madrid,2016/2017,Nacho Fernandez,Spain,Defender (Centre-back),39,3,3,7
Real Madrid,2015/2016,Nacho Fernandez,Spain,Defender (Centre-back),22,1,0,6.7
Liverpool,2023/2024,Virgil van Dijk,Netherlands,Defender (Centre-back),48,4,2,7.3
Liverpool,2022/2023,Virgil van Dijk,Netherlands,Defender (Centre-back),41,3,1,7.1
Liverpool,2021/2022,Virgil van Dijk,Netherlands,Defender (Centre-back),51,3,1,7.5
Liverpool,2020/2021,Virgil van Dijk,Netherlands,Defender (Centre-back),8,1,0,6.3
Liverpool,2019/2020,Virgil van Dijk,Netherlands,Defender (Centre-back),50,5,2,7.2
Liverpool,2018/2019,Virgil van Dijk,Netherlands,Defender (Centre-back),50,6,4,7.4
Liverpool,2017/2018,Virgil van Dijk,Netherlands,Defender (Centre-back),22,1,0,7.1
Liverpool,2016/2017,Virgil van Dijk,Netherlands,Defender (Centre-back),12,0,0,7.2
Liverpool,2015/2016,Virgil van Dijk,Netherlands,Defender (Centre-back),30,4,0,7.6
Barcelona,2023/2024,Sergi Roberto,Spain,Defender (Full-back),24,3,3,7
Barcelona,2022/2023,Sergi Roberto,Spain,Defender (Full-back),33,4,3,6.9
Barcelona,2021/2022,Sergi Roberto,Spain,Defender (Full-back),12,2,1,6.8
Barcelona,2020/2021,Sergi Roberto,Spain,Defender (Full-back),20,1,2,7
Barcelona,2019/2020,Sergi Roberto,Spain,Defender (Full-back),39,1,2,7
Barcelona,2018/2019,Sergi Roberto,Spain,Defender (Full-back),44,1,7,7.1
Barcelona,2017/2018,Sergi Roberto,Spain,Defender (Full-back),48,1,8,7.3
Barcelona,2016/2017,Sergi Roberto,Spain,Defender (Full-back),47,1,6,7.1
Barcelona,2023/2024,Joao Cancelo,Portugal,Defender (Full-back),42,4,5,7.4
Bayern Munchen,2022/2023,Joao Cancelo,Portugal,Defender (Full-back),21,1,6,7.5
Man City,2021/2022,Joao Cancelo,Portugal,Defender (Full-back),26,2,4,7.2
Man City,2020/2021,Joao Cancelo,Portugal,Defender (Full-back),52,3,10,7.7
Man City,2019/2020,Joao Cancelo,Portugal,Defender (Full-back),43,3,5,7.4
Juventus,2018/2019,Joao Cancelo,Portugal,Defender (Full-back),34,1,5,7.4
Inter,2017/2018,Joao Cancelo,Portugal,Defender (Full-back),28,1,3,7.2
Valencia,2016/2017,Joao Cancelo,Portugal,Defender (Full-back),1,0,0,7.7
Al Ahli,2023/2024,Roberto Firmino,Brazil,Forward (Attacker),34,9,7,7.4
Liverpool,2022/2023,Roberto Firmino,Brazil,Forward (Attacker),35,13,5,7.1
Liverpool,2021/2022,Roberto Firmino,Brazil,Forward (Attacker),35,11,5,7.2
Liverpool,2020/2021,Roberto Firmino,Brazil,Forward (Attacker),48,9,9,7
Liverpool,2019/2020,Roberto Firmino,Brazil,Forward (Attacker),52,12,12,7.1
Liverpool,2018/2019,Roberto Firmino,Brazil,Forward (Attacker),48,16,7,7
Liverpool,2017/2018,Roberto Firmino,Brazil,Forward (Attacker),54,27,16,7.2
Liverpool,2016/2017,Roberto Firmino,Brazil,Forward (Attacker),41,12,8,7.5
Liverpool,2015/2016,Roberto Firmino,Brazil,Forward (Attacker),49,11,9,6
Arsenal,2023/2024,Kai Havertz,Germany,Forward (Attacker),51,14,7,7.1
Chelsea,2022/2023,Kai Havertz,Germany,Forward (Attacker),47,9,1,6.9
Chelsea,2021/2022,Kai Havertz,Germany,Forward (Attacker),47,14,5,7.1
Chelsea,2020/2021,Kai Havertz,Germany,Forward (Attacker),45,9,6,6.9
Leverkusen,2019/2020,Kai Havertz,Germany,Forward (Attacker),45,18,9,7.1
Leverkusen,2018/2019,Kai Havertz,Germany,Forward (Attacker),42,20,6,7.4
Leverkusen,2017/2018,Kai Havertz,Germany,Forward (Attacker),35,4,8,7
Leverkusen,2016/2017,Kai Havertz,Germany,Forward (Attacker),28,4,5,6.7
Atletico Madrid,2023/2024,Koke,Spain,Midfielder,50,0,6,7.2
Atletico Madrid,2022/2023,Koke,Spain,Midfielder,42,0,3,7.1
Atletico Madrid,2021/2022,koke,Spain,Midfielder,43,1,3,7
Atletico Madrid,2020/2021,Koke,Spain,Midfielder,45,1,2,7.1
Atletico Madrid,2019/2020,Koke,Spain,Midfielder,42,5,6,7.1
Atletico Madrid,2018/2019,Koke,Spain,Midfielder,41,6,5,7.3
Atletico Madrid,2017/2018,koke,Spain,Midfielder,51,6,7,7.1
Atletico Madrid,2016/2017,Koke,Spain,Midfielder,54,5,10,7.3
Atletico Madrid,2015/2016,Koke,Spain,Midfielder,51,5,15,6.8
Atletico Madrid,2023/2024,Jose Gimenez,Uruguay,Defender (Centre-back),33,0,1,6.8
Atletico Madrid,2022/2023,Jose Gimenez,Uruguay,Defender (Centre-back),36,2,1,7.2
Atletico Madrid,2021/2022,Jose Gimenez,Uruguay,Defender (Centre-back),33,1,1,7
Atletico Madrid,2020/2021,Jose Gimenez,Uruguay,Defender (Centre-back),26,1,0,6.9
Atletico Madrid,2019/2020,Jose Gimenez,Uruguay,Defender (Centre-back),27,0,1,6.8
Atletico Madrid,2018/2019,Jose Gimenez,Uruguay,Defender (Centre-back),29,2,0,7.1
Atletico Madrid,2017/2018,Jose Gimenez,Uruguay,Defender (Centre-back),38,2,2,7.1
Atletico Madrid,2016/2017,Jose Gimenez,Uruguay,Defender (Centre-back),29,1,1,7.5
Chelsea,2023/2024,Christopher Nkunku,France,Forward (Attacker),14,3,0,6.6
RB Leipzig,2022/2023,Christopher Nkunku,France,Forward (Attacker),36,23,7,6.6
RB Leipzig,2021/2022,Christopher Nkunku,France,Forward (Attacker),52,35,16,7.8
RB Leipzig,2020/2021,Christopher Nkunku,France,Forward (Attacker),40,7,9,7.3
RB Leipzig,2019/2020,Christopher Nkunku,France,Forward (Attacker),44,5,13,7.1
PSG,2018/2019,Christopher Nkunku,France,Forward (Attacker),29,4,2,7.2
PSG,2017/2018,Christopher Nkunku,France,Forward (Attacker),27,5,0,6.6
PSG,2016/2017,Christopher Nkunku,France,Forward (Attacker),16,2,1,6.3
Liverpool,2023/2024,Andrew Robertson,Scotland,Defender (Full-back),30,3,2,7.4
Liverpool,2022/2023,Andrew Robertson,Scotland,Defender (Full-back),43,0,11,7
Liverpool,2021/2022,Andrew Robertson,Scotland,Defender (Full-back),47,3,15,7.6
Liverpool,2020/2021,Andrew Robertson,Scotland,Defender (Full-back),50,1,7,7.1
Liverpool,2019/2020,Andrew Robertson,Scotland,Defender (Full-back),49,3,12,7.3
Liverpool,2018/2019,Andrew Robertson,Scotland,Defender (Full-back),48,0,13,7.3
Liverpool,2017/2018,Andrew Robertson,Scotland,Defender (Full-back),30,1,5,7.1
Hull,2016/2017,Andrew Robertson,Scotland,Defender (Full-back),39,1,3,7
Liverpool,2023/2024,Trent Alexander-Arnold,England,Defender (Full-back),37,3,9,7.6
Liverpool,2022/2023,Trent Alexander-Arnold,England,Defender (Full-back),47,4,10,7.4
Liverpool,2021/2022,Trent Alexander-Arnold,England,Defender (Full-back),47,2,18,7.9
Liverpool,2020/2021,Trent Alexander-Arnold,England,Defender (Full-back),45,2,9,7.3
Liverpool,2019/2020,Trent Alexander-Arnold,England,Defender (Full-back),49,4,15,7.3
Liverpool,2018/2019,Trent Alexander-Arnold,England,Defender (Full-back),40,1,15,7.5
Liverpool,2017/2018,Trent Alexander-Arnold,England,Defender (Full-back),33,3,2,6.9
Liverpool,2016/2017,Trent Alexander-Arnold,England,Defender (Full-back),12,0,1,6.8
Liverpool,2023/2024,Joseph Gomez,England,Defender (Centre-back),51,0,3,7
Liverpool,2022/2023,Joseph Gomez,England,Defender (Centre-back),31,0,1,6.9
Liverpool,2021/2022,Joseph Gomez,England,Defender (Centre-back),21,0,1,7.1
Liverpool,2020/2021,Joseph Gomez,England,Defender (Centre-back),12,0,1,6.8
Liverpool,2019/2020,Joseph Gomez,England,Defender (Centre-back),43,0,0,6.9
Liverpool,2018/2019,Joseph Gomez,England,Defender (Centre-back),25,0,0,6.8
Liverpool,2017/2018,Joseph Gomez,England,Defender (Centre-back),31,0,2,7.1
Liverpool,2016/2017,Joseph Gomez,England,Defender (Centre-back),3,0,0,7.1
Man United,2023/2024,Harry Maguire,England,Defender (Centre-back),31,4,2,7.2
Man United,2022/2023,Harry Maguire,England,Defender (Centre-back),31,0,0,6.9
Man United,2021/2022,Harry Maguire,England,Defender (Centre-back),37,2,0,6.9
Man United,2020/2021,Harry Maguire,England,Defender (Centre-back),52,2,1,7
Man United,2019/2020,Harry Maguire,England,Defender (Centre-back),55,3,2,7.1
Leicester,2018/2019,Harry Maguire,England,Defender (Centre-back),32,3,0,7.1
Leicester,2017/2018,Harry Maguire,England,Defender (Centre-back),44,2,4,7.2
Hull,2016/2017,Harry Maguire,England,Defender (Centre-back),36,3,2,7.3
Man City,2023/2024,Kyle Walker,England,Defender (Full-back),47,0,5,7.3
Man City,2022/2023,Kyle Walker,England,Defender (Full-back),39,0,1,7.1
Man City,2021/2022,Kyle Walker,England,Defender (Full-back),31,1,2,7.2
Man City,2020/2021,Kyle Walker,England,Defender (Full-back),42,2,1,7.1
Man City,2019/2020,Kyle Walker,England,Defender (Full-back),42,1,6,7
Man City,2018/2019,Kyle Walker,England,Defender (Full-back),52,2,1,7.1
Man City,2017/2018,Kyle Walker,England,Defender (Full-back),48,0,7,7.2
Tottenham,2016/2017,Kyle Walker,England,Defender (Full-back),39,0,5,7.5
Athletic Club,2023/2024,Inaki Williams,Spain,Forward (Winger),39,14,5,7.3
Athletic Club,2022/2023,Inaki Williams,Spain,Forward (Winger),42,11,5,7
Athletic Club,2021/2022,Inaki Williams,Spain,Forward (Winger),44,8,5,6.9
Athletic Club,2020/2021,Inaki Williams,Spain,Forward (Winger),46,8,7,6.6
Athletic Club,2019/2020,Inaki Williams,Spain,Forward (Winger),46,9,3,6.4
Athletic Club,2018/2019,Inaki Williams,Spain,Forward (Winger),41,15,4,6.9
Athletic Club,2017/2018,Inaki Williams,Spain,Forward (Winger),52,10,6,6.6
Athletic Club,2016/2017,Inaki Williams,Spain,Forward (Winger),49,8,6,6.6
Barcelona,2023/2024,Ferran Torres,Spain,Forward (Winger),42,11,3,6.8
Barcelona,2022/2023,Ferran Torres,Spain,Forward (Winger),45,7,3,6.8
Man City,2021/2022,Ferran Torres,Spain,Forward (Winger),26,7,6,7.2
Man City,2020/2021,Ferran Torres,Spain,Forward (Winger),36,13,3,6.8
Valencia,2019/2020,Ferran Torres,Spain,Forward (Winger),44,6,8,6.8
Valencia,2018/2019,Ferran Torres,Spain,Forward (Winger),37,3,2,6.5
Valencia,2017/2018,Ferran Torres,Spain,Forward (Winger),16,0,2,6.3
Real Madrid,2023/2024,Jude Bellingham,England,Midfielder,42,23,13,8
Dortmund,2022/2023,Jude Bellingham,England,Midfielder,42,14,6,7.7
Dortmund,2021/2022,Jude Bellingham,England,Midfielder,44,6,13,7.5
Dortmund,2020/2021,Jude Bellingham,England,Midfielder,46,4,4,6.9
Birmingham,2019/2020,Jude Bellingham,England,Midfielder,44,4,2,6.6
Man United,2023/2024,Marcus Rashford,England,Forward (Winger),43,8,5,7
Man United,2022/2023,Marcus Rashford,England,Forward (Winger),56,30,9,7.4
Man United,2021/2022,Marcus Rashford,England,Forward (Winger),32,5,2,6.5
Man United,2020/2021,Marcus Rashford,England,Forward (Winger),57,21,12,7.2
Man United,2019/2020,Marcus Rashford,England,Forward (Winger),44,22,8,7.3
Man United,2018/2019,Marcus Rashford,England,Forward (Winger),47,13,7,6.9
Man United,2017/2018,Marcus Rashford,England,Forward (Winger),52,13,8,6.8
Man United,2016/2017,Marcus Rashford,England,Forward (Winger),53,11,4,6.8
Arsenal,2023/2024,Bukayo Saka,England,Forward (Winger),47,20,14,7.9
Arsenal,2022/2023,Bukayo Saka,England,Forward (Winger),48,15,11,7.5
Arsenal,2021/2022,Bukayo Saka,England,Forward (Winger),43,12,7,7.3
Arsenal,2020/2021,Bukayo Saka,England,Forward (Winger),46,7,7,7
Arsenal,2019/2020,Bukayo Saka,England,Forward (Winger),38,4,12,6.9
Arsenal,2018/2019,Bukayo Saka,England,Forward (Winger),4,0,0,7.6
Barcelona,2023/2024,Frenkie de Jong,Netherlands,Midfielder,30,2,0,7.5
Barcelona,2022/2023,Frenkie de Jong,Netherlands,Midfielder,43,2,4,7.4
Barcelona,2021/2022,Frenkie de Jong,Netherlands,Midfielder,47,4,5,7.4
Barcelona,2020/2021,Frenkie de Jong,Netherlands,Midfielder,51,7,7,7.5
Barcelona,2019/2020,Frenkie de Jong,Netherlands,Midfielder,42,2,3,7
Ajax,2018/2019,Frenkie de Jong,Netherlands,Midfielder,52,3,3,7.5
Ajax,2017/2018,Frenkie de Jong,Netherlands,Midfielder,26,1,7,7.8
Ajax,2016/2017,Frenkie de Jong,Netherlands,Midfielder,11,1,0,6.2
Liverpool,2023/2024,Alexis Mac Allister,Argentina,Midfielder,46,7,7,7.5
Brighton,2022/2023,Alexis Mac Allister,Argentina,Midfielder,40,12,3,7.5
Brighton,2021/2022,Alexis Mac Allister,Argentina,Midfielder,36,5,4,7.2
Brighton,2020/2021,Alexis Mac Allister,Argentina,Midfielder,27,3,2,6.5
Brighton,2019/2020,Alexis Mac Allister,Argentina,Midfielder,9,0,0,6
Boca Juniors,2018/2019,Alexis Mac Allister,Argentina,Midfielder,20,2,4,6.7
Man United,2023/2024,Casemiro,Brazil,Midfielder (Defensive),32,5,3,7.2
Man United,2022/2023,Casemiro,Brazil,Midfielder (Defensive),51,7,6,7.6
Real Madrid,2021/2022,Casemiro,Brazil,Midfielder (Defensive),48,1,3,7.6
Real Madrid,2020/2021,Casemiro,Brazil,Midfielder (Defensive),46,7,5,7.4
Real Madrid,2019/2020,Casemiro,Brazil,Midfielder (Defensive),46,5,5,7.3
Real Madrid,2018/2019,Casemiro,Brazil,Midfielder (Defensive),43,4,0,7.1
Real Madrid,2017/2018,Casemiro,Brazil,Midfielder (Defensive),48,7,3,7.4
Real Madrid,2016/2017,Casemiro,Brazil,Midfielder (Defensive),42,6,3,7.4
Real Madrid,2015/2016,Casemiro,Brazil,Midfielder (Defensive),35,1,3,8.1
Real Madrid,2014/2015,Casemiro,Brazil,Midfielder (Defensive),40,4,1,6.1
Man United,2023/2024,Alejandro Garnacho,Argentina,Forward (Winger),50,10,5,7.1
Man United,2022/2023,Alejandro Garnacho,Argentina,Forward (Winger),34,5,4,6.7
Man United,2021/2022,Alejandro Garnacho,Argentina,Forward (Winger),2,0,0,5.8
Dortmund,2023/2024,Jadon Sancho,England,Forward (Winger),21,3,2,7.4
Man United,2022/2023,Jadon Sancho,England,Forward (Winger),41,7,3,7.1
Man United,2021/2022,Jadon Sancho,England,Forward (Winger),38,5,3,7
Dortmund,2020/2021,Jadon Sancho,England,Forward (Winger),38,16,18,7.8
Dortmund,2019/2020,Jadon Sancho,England,Forward (Winger),44,20,19,7.6
Dortmund,2018/2019,Jadon Sancho,England,Forward (Winger),43,13,16,7.5
Dortmund,2017/2018,Jadon Sancho,England,Forward (Winger),12,1,4,6.9
Liverpool,2023/2024,Cody Gakpo,Netherlands,Forward (Winger),53,16,6,7.1
Liverpool,2022/2023,Cody Gakpo,Netherlands,Forward (Winger),26,7,2,7
PSV Eindhoven,2021/2022,Cody Gakpo,Netherlands,Forward (Winger),47,21,15,7.9
PSV Eindhoven,2020/2021,Cody Gakpo,Netherlands,Forward (Winger),29,11,4,7.4
PSV Eindhoven,2019/2020,Cody Gakpo,Netherlands,Forward (Winger),39,8,8,6.8
PSV Eindhoven,2018/2019,Cody Gakpo,Netherlands,Forward (Winger),19,2,6,6.7
Liverpool,2023/2024,Diogo Jota,Portugal,Forward (Winger),32,15,4,7.3
Liverpool,2022/2023,Diogo Jota,Portugal,Forward (Winger),28,7,8,7
Liverpool,2021/2022,Diogo Jota,Portugal,Forward (Winger),55,21,6,7.2
Liverpool,2020/2021,Diogo Jota,Portugal,Forward (Winger),30,13,1,7.1
Wolves,2019/2020,Diogo Jota,Portugal,Forward (Winger),48,16,1,6.7
Wolves,2018/2019,Diogo Jota,Portugal,Forward (Winger),37,10,7,6.8
Wolves,2017/2018,Diogo Jota,Portugal,Forward (Winger),46,18,5,7.2
FC Porto,2016/2017,Diogo Jota,Portugal,Forward (Winger),37,9,5,6.1
Barcelona,2023/2024,Jules Kounde,France,Defender (Centre-back),48,2,4,7.2
Barcelona,2022/2023,Jules Kounde,France,Defender (Centre-back),40,1,6,7.3
Sevilla,2021/2022,Jules Kounde,France,Defender (Centre-back),44,3,1,7.3
Sevilla,2020/2021,Jules Kounde,France,Defender (Centre-back),49,4,1,7.1
Sevilla,2019/2020,Jules Kounde,France,Defender (Centre-back),40,2,1,6.9
Bordeaux,2018/2019,Jules Kounde,France,Defender (Centre-back),51,2,1,6.7
Bordeaux,2017/2018,Jules Kounde,France,Defender (Centre-back),19,2,0,6.9
Celta Vigo,2023/2024,Iago Aspas,Spain,Forward (Attacker),36,9,10,7.5
Celta Vigo,2022/2023,Iago Aspas,Spain,Forward (Attacker),39,12,3,7.2
Celta Vigo,2021/2022,Iago Aspas,Spain,Forward (Attacker),38,18,6,7.3
Celta Vigo,2020/2021,Iago Aspas,Spain,Forward (Attacker),34,14,15,7.5
Celta Vigo,2019/2020,Iago Aspas,Spain,Forward (Attacker),38,14,3,7.1
Celta Vigo,2018/2019,Iago Aspas,Spain,Forward (Attacker),29,21,6,7.6
Celta Vigo,2017/2018,Iago Aspas,Spain,Forward (Attacker),37,23,5,7.7
Celta Vigo,2016/2017,Iago Aspas,Spain,Forward (Attacker),49,26,6,7.3
Real Betis,2023/2024,Hector Bellerin,Spain,Defender (Full-back),30,0,1,6.6
Sporting CP,2022/2023,Hector Bellerin,Spain,Defender (Full-back),13,1,0,6.7
Barcelona,2021/2022,Hector Bellerin,Spain,Defender (Full-back),7,0,0,7
Real Betis,2020/2021,Hector Bellerin,Spain,Defender (Full-back),32,0,5,7.1
Arsenal,2019/2020,Hector Bellerin,Spain,Defender (Full-back),23,1,1,6.6
Arsenal,2018/2019,Hector Bellerin,Spain,Defender (Full-back),19,0,5,6.7
Arsenal,2017/2018,Hector Bellerin,Spain,Defender (Full-back),47,3,5,6.9
Arsenal,2016/2017,Hector Bellerin,Spain,Defender (Full-back),42,1,5,7
Villarreal,2023/2024,Gerard Moreno,Spain,Forward (Attacker),38,11,8,7.3
Villarreal,2022/2023,Gerard Moreno,Spain,Forward (Attacker),29,11,6,7.2
Villarreal,2021/2022,Gerard Moreno,Spain,Forward (Attacker),27,13,7,7.3
Villarreal,2020/2021,Gerard Moreno,Spain,Forward (Attacker),46,30,10,7.6
Villarreal,2019/2020,Gerard Moreno,Spain,Forward (Attacker),37,20,5,7.3
Villarreal,2018/2019,Gerard Moreno,Spain,Forward (Attacker),49,13,3,6.8
Espanyol,2017/2018,Gerard Moreno,Spain,Forward (Attacker),44,19,2,7.1
Espanyol,2016/2017,Gerard Moreno,Spain,Forward (Attacker),38,13,4,7
Real Madrid,2023/2024,David Alaba,Austria,Defender (Full-back),17,0,2,7
Real Madrid,2022/2023,David Alaba,Austria,Defender (Full-back),39,2,3,7
Real Madrid,2021/2022,David Alaba,Austria,Defender (Full-back),46,3,4,7.1
Bayern Munchen,2020/2021,David Alaba,Austria,Defender (Full-back),45,2,4,7
Bayern Munchen,2019/2020,David Alaba,Austria,Defender (Full-back),42,2,2,6.9
Bayern Munchen,2018/2019,David Alaba,Austria,Defender (Full-back),43,3,7,7.1
Bayern Munchen,2017/2018,David Alaba,Austria,Defender (Full-back),36,2,4,7
Bayern Munchen,2016/2017,David Alaba,Austria,Defender (Full-back),47,5,6,7.2
Real Madrid,2023/2024,Lucas Vazquez,Spain,Defender (Full-back),38,3,7,7.3
Real Madrid,2022/2023,Lucas Vazquez,Spain,Defender (Full-back),30,4,2,7.2
Real Madrid,2021/2022,Lucas Vazquez,Spain,Defender (Full-back),41,3,0,7.2
Real Madrid,2020/2021,Lucas Vazquez,Spain,Defender (Full-back),34,2,7,7.4
Real Madrid,2019/2020,Lucas Vazquez,Spain,Defender (Full-back),23,3,1,6.6
Real Madrid,2018/2019,Lucas Vazquez,Spain,Defender (Full-back),47,5,4,6.7
Real Madrid,2017/2018,Lucas Vazquez,Spain,Defender (Full-back),53,8,12,7
Real Madrid,2016/2017,Lucas Vazquez,Spain,Defender (Full-back),50,4,11,7
Real Madrid,2015/2016,Lucas Vazquez,Spain,Defender (Full-back),33,4,8,7.1
Barcelona,2023/2024,Pedri,Spain,Midfielder,34,4,5,7.3
Barcelona,2022/2023,Pedri,Spain,Midfielder,35,7,1,7.4
Barcelona,2021/2022,Pedri,Spain,Midfielder,22,5,1,7.5
Barcelona,2020/2021,Pedri,Spain,Midfielder,52,4,6,7
Las Palmas,2019/2020,Pedri,Spain,Midfielder,37,4,6,6.8
Man City,2023/2024,John Stones,England,Defender (Centre-back),28,1,2,6.9
Man City,2022/2023,John Stones,England,Defender (Centre-back),34,3,3,7.1
Man City,2021/2022,John Stones,England,Defender (Centre-back),27,2,0,7.2
Man City,2020/2021,John Stones,England,Defender (Centre-back),35,5,0,7.2
Man City,2019/2020,John Stones,England,Defender (Centre-back),24,0,1,6.7
Man City,2018/2019,John Stones,England,Defender (Centre-back),39,0,1,7.1
Man City,2017/2018,John Stones,England,Defender (Centre-back),29,3,0,7.1
Man City,2016/2017,John Stones,England,Defender (Centre-back),41,2,0,7
Everton,2015/2016,John Stones,England,Defender (Centre-back),41,0,0,6.9
Man City,2023/2024,Mateo Kovacic,Croatia,Midfielder,46,3,1,7.1
Chelsea,2022/2023,Mateo Kovacic,Croatia,Midfielder,37,2,2,6.9
Chelsea,2021/2022,Mateo Kovacic,Croatia,Midfielder,44,2,6,7.2
Chelsea,2020/2021,Mateo Kovacic,Croatia,Midfielder,42,0,2,7.1
Chelsea,2019/2020,Mateo Kovacic,Croatia,Midfielder,47,2,3,7.3
Chelsea,2018/2019,Mateo Kovacic,Croatia,Midfielder,51,0,2,7.1
Real Madrid,2017/2018,Mateo Kovacic,Croatia,Midfielder,36,0,2,6.9
Real Madrid,2016/2017,Mateo Kovacic,Croatia,Midfielder,39,2,3,7.3
Real Madrid,2015/2016,Mateo Kovacic,Croatia,Midfielder,34,1,2,7.3
Leicester,2023/2024,Jamie Vardy,England,Forward (Striker),37,20,2,7.1
Leicester,2022/2023,Jamie Vardy,England,Forward (Striker),42,6,5,6.5
Leicester,2021/2022,Jamie Vardy,England,Forward (Striker),33,17,2,6.9
Leicester,2020/2021,Jamie Vardy,England,Forward (Striker),42,17,9,7.1
Leicester,2019/2020,Jamie Vardy,England,Forward (Striker),40,23,7,7.2
Leicester,2018/2019,Jamie Vardy,England,Forward (Striker),36,18,4,6.9
Leicester,2017/2018,Jamie Vardy,England,Forward (Striker),42,23,1,7
Leicester,2016/2017,Jamie Vardy,England,Forward (Striker),48,16,5,6.8
Man United,2023/2024,Luke Shaw,England,Defender (Full-back),15,0,1,6.9
Man United,2022/2023,Luke Shaw,England,Defender (Full-back),47,1,6,7.2
Man United,2021/2022,Luke Shaw,England,Defender (Full-back),27,0,5,7
Man United,2020/2021,Luke Shaw,England,Defender (Full-back),47,1,6,7.1
Man United,2019/2020,Luke Shaw,England,Defender (Full-back),33,1,2,7.2
Man United,2018/2019,Luke Shaw,England,Defender (Full-back),40,1,5,7
Man United,2017/2018,Luke Shaw,England,Defender (Full-back),19,0,0,7.1
Man United,2016/2017,Luke Shaw,England,Defender (Full-back),19,0,1,7.3
Man United,2023/2024,Bruno Fernandes,Portugal,Midfielder,48,15,13,7.9
Man United,2022/2023,Bruno Fernandes,Portugal,Midfielder,59,14,13,7.8
Man United,2021/2022,Bruno Fernandes,Portugal,Midfielder,46,10,13,7.5
Man United,2020/2021,Bruno Fernandes,Portugal,Midfielder,58,28,18,7.6
Man United,2019/2020,Bruno Fernandes,Portugal,Midfielder,22,12,8,8
Sporting CP,2018/2019,Bruno Fernandes,Portugal,Midfielder,52,31,15,7.8
Sporting CP,2017/2018,Bruno Fernandes,Portugal,Midfielder,56,16,14,7.6
Sampdoria,2016/2017,Bruno Fernandes,Portugal,Midfielder,35,5,3,6.6
Man United,2023/2024,Mason Mount,England,Midfielder,20,1,1,6.5
Chelsea,2022/2023,Mason Mount,England,Midfielder,35,3,3,6.9
Chelsea,2021/2022,Mason Mount,England,Midfielder,53,13,16,7.4
Chelsea,2020/2021,Mason Mount,England,Midfielder,54,9,8,7.3
Chelsea,2019/2020,Mason Mount,England,Midfielder,53,8,5,7
Derby,2018/2019,Mason Mount,England,Midfielder,44,11,5,6.9
Vitesse,2017/2018,Mason Mount,England,Midfielder,39,14,10,7.6
Man United,2023/2024,Antony,Brazil,Forward (Winger),38,3,2,6.9
Man United,2022/2023,Antony,Brazil,Forward (Winger),44,8,3,7.3
Ajax,2021/2022,Antony,Brazil,Forward (Winger),33,12,10,7.8
Ajax,2020/2021,Antony,Brazil,Forward (Winger),46,11,9,7.1
Man City,2023/2024,Josko Gvardiol,Croatia,Defender (Centre-back),42,5,2,7.5
RB Leipzig,2022/2023,Josko Gvardiol,Croatia,Defender (Centre-back),41,3,0,7.1
RB Leipzig,2021/2022,Josko Gvardiol,Croatia,Defender (Centre-back),46,2,3,7.3
Dinamo Zagreb,2020/2021,Josko Gvardiol,Croatia,Defender (Centre-back),40,3,2,7.2
West Ham,2023/2024,Kalvin Phillips,England,Midfielder (Defensive),10,0,0,6.1
Man City,2022/2023,Kalvin Phillips,England,Midfielder (Defensive),21,0,0,6.7
Leeds,2021/2022,Kalvin Phillips,England,Midfielder (Defensive),23,1,1,7.1
Leeds,2020/2021,Kalvin Phillips,England,Midfielder (Defensive),23,1,1,7.1
Leeds,2019/2020,Kalvin Phillips,England,Midfielder (Defensive),30,1,2,7
Leeds,2018/2019,Kalvin Phillips,England,Midfielder (Defensive),40,2,2,7.1
Leeds,2017/2018,Kalvin Phillips,England,Midfielder (Defensive),46,1,3,6.9
Leeds,2016/2017,Kalvin Phillips,England,Midfielder (Defensive),40,1,2,6.5
Man City,2023/2024,Rodri,Spain,Midfielder (Defensive),50,9,13,8.1
Man City,2022/2023,Rodri,Spain,Midfielder (Defensive),56,4,7,7.7
Man City,2021/2022,Rodri,Spain,Midfielder (Defensive),46,7,2,7.9
Man City,2020/2021,Rodri,Spain,Midfielder (Defensive),53,2,5,7.4
Man City,2019/2020,Rodri,Spain,Midfielder (Defensive),52,4,2,7.1
Atletico Madrid,2018/2019,Rodri,Spain,Midfielder (Defensive),47,3,1,7.2
Villarreal,2017/2018,Rodri,Spain,Midfielder (Defensive),47,1,4,7.2
Villarreal,2016/2017,Rodri,Spain,Midfielder (Defensive),31,1,2,7.1
Man City,2023/2024,Jack Grealish,England,Forward (Winger),36,3,3,7.1
Man City,2022/2023,Jack Grealish,England,Forward (Winger),50,5,11,7.4
Man City,2021/2022,Jack Grealish,England,Forward (Winger),39,6,4,7.5
Aston Villa,2020/2021,Jack Grealish,England,Forward (Winger),27,7,10,7.7
Aston Villa,2019/2020,Jack Grealish,England,Forward (Winger),41,10,8,7.3
Aston Villa,2018/2019,Jack Grealish,England,Forward (Winger),35,6,7,7.6
Aston Villa,2017/2018,Jack Grealish,England,Forward (Winger),31,3,6,7.5
Aston Villa,2016/2017,Jack Grealish,England,Forward (Winger),33,5,2,6.7
Man City,2023/2024,Julian Alvarez,Argentina,Forward (Striker),54,19,13,7.4
Man City,2022/2023,Julian Alvarez,Argentina,Forward (Striker),49,17,4,6.9
River Plate,2021/2022,Julian Alvarez,Argentina,Forward (Striker),26,18,6,7.8
River Plate,2020/2021,Julian Alvarez,Argentina,Forward (Striker),46,24,14,7.7
River Plate,2019/2020,Julian Alvarez,Argentina,Forward (Striker),24,8,3,6.6
River Plate,2018/2019,Julian Alvarez,Argentina,Forward (Striker),18,3,2,6
River Plate,2017/2018,Julian Alvarez,Argentina,Forward (Striker),8,1,2,6.1
Man City,2023/2024,Phil Foden,England,Forward (Winger),53,27,12,7.8
Man City,2022/2023,Phil Foden,England,Forward (Winger),48,15,7,7.3
Man City,2021/2022,Phil Foden,England,Forward (Winger),45,14,11,7.3
Man City,2020/2021,Phil Foden,England,Forward (Winger),50,16,10,7.5
Man City,2019/2020,Phil Foden,England,Forward (Winger),38,8,9,7.2
Man City,2018/2019,Phil Foden,England,Forward (Winger),26,7,2,7.1
Man City,2017/2018,Phil Foden,England,Forward (Winger),10,0,1,6.8
Man City,2023/2024,Jeremy Doku,Belgium,Forward (Winger),43,6,9,7.3
Rennes,2022/2023,Jeremy Doku,Belgium,Forward (Winger),35,7,4,7.2
Rennes,2021/2022,Jeremy Doku,Belgium,Forward (Winger),18,2,2,6.9
Anderlecht,2020/2021,Jeremy Doku,Belgium,Forward (Winger),7,2,3,7.6
Anderlecht,2019/2020,Jeremy Doku,Belgium,Forward (Winger),24,4,4,6.8
Anderlecht,2018/2019,Jeremy Doku,Belgium,Forward (Winger),6,0,0,5.9
Tottenham,2023/2024,Timo Werner,Germany,Forward (Striker),14,2,3,7
RB Leipzig,2022/2023,Timo Werner,Germany,Forward (Striker),40,16,5,7.1
Chelsea,2021/2022,Timo Werner,Germany,Forward (Striker),37,11,6,6.9
Chelsea,2020/2021,Timo Werner,Germany,Forward (Striker),52,12,11,7
RB Leipzig,2019/2020,Timo Werner,Germany,Forward (Striker),45,34,12,7.7
RB Leipzig,2018/2019,Timo Werner,Germany,Forward (Striker),37,19,8,7.1
RB Leipzig,2017/2018,Timo Werner,Germany,Forward (Striker),45,21,9,7.1
RB Leipzig,2016/2017,Timo Werner,Germany,Forward (Striker),32,21,5,7.5
Tottenham,2023/2024,Richarlison,Brazil,Forward (Winger),31,12,4,7
Tottenham,2022/2023,Richarlison,Brazil,Forward (Winger),35,3,3,6.7
Everton,2021/2022,Richarlison,Brazil,Forward (Winger),33,11,5,7
Everton,2020/2021,Richarlison,Brazil,Forward (Winger),40,13,3,6.9
Everton,2019/2020,Richarlison,Brazil,Forward (Winger),41,15,4,6.9
Everton,2018/2019,Richarlison,Brazil,Forward (Winger),38,14,1,6.6
Watford,2017/2018,Richarlison,Brazil,Forward (Winger),41,5,4,6.6
Fluminense,2016/2017,Richarlison,Brazil,Forward (Winger),36,15,2,6.8
Juventus,2023/2024,Alex Sandro,Brazil,Defender (Full-back),18,1,0,7
Juventus,2022/2023,Alex Sandro,Brazil,Defender (Full-back),37,0,3,7.1
Juventus,2021/2022,Alex Sandro,Brazil,Defender (Full-back),40,2,1,7
Juventus,2020/2021,Alex Sandro,Brazil,Defender (Full-back),34,2,2,7.2
Juventus,2019/2020,Alex Sandro,Brazil,Defender (Full-back),41,1,4,7.1
Juventus,2018/2019,Alex Sandro,Brazil,Defender (Full-back),43,1,2,7.2
Juventus,2017/2018,Alex Sandro,Brazil,Defender (Full-back),39,4,5,7.4
Juventus,2016/2017,Alex Sandro,Brazil,Defender (Full-back),43,3,7,7.5
Juventus,2023/2024,Danilo,Brazil,Defender (Full-back),34,1,3,7.5
Juventus,2022/2023,Danilo,Brazil,Defender (Full-back),54,3,3,7.4
Juventus,2021/2022,Danilo,Brazil,Defender (Full-back),31,2,2,7.3
Juventus,2020/2021,Danilo,Brazil,Defender (Full-back),46,1,4,7.3
Juventus,2019/2020,Danilo,Brazil,Defender (Full-back),32,2,0,6.8
Man City,2018/2019,Danilo,Brazil,Defender (Full-back),22,1,1,7.3
Man City,2017/2018,Danilo,Brazil,Defender (Full-back),38,3,3,7.3
Real Madrid,2016/2017,Danilo,Brazil,Defender (Full-back),25,1,3,7.5
Real Madrid,2015/2016,Danilo,Brazil,Defender (Full-back),31,2,6,7.3
FC Porto,2014/2015,Danilo,Brazil,Defender (Full-back),40,7,1,8.3
Fiorentina,2023/2024,Arthur,Brazil,Midfielder,48,2,3,7
Liverpool,2022/2023,Arthur,Brazil,Midfielder,1,0,0,6.1
Juventus,2021/2022,Arthur,Brazil,Midfielder,31,0,1,7
Juventus,2020/2021,Arthur,Brazil,Midfielder,32,1,0,6.8
Barcelona,2019/2020,Arthur,Brazil,Midfielder,28,4,4,7.2
Barcelona,2018/2019,Arthur,Brazil,Midfielder,44,0,2,6.8
Gremio,2017/2018,Arthur,Brazil,Midfielder,18,4,2,7.8
Gremio,2016/2017,Arthur,Brazil,Midfielder,50,2,1,7.2
Juventus,2023/2024,Federico Chiesa,Italy,Forward (Winger),37,10,2,7.1
Juventus,2022/2023,Federico Chiesa,Italy,Forward (Winger),33,4,6,6.7
Juventus,2021/2022,Federico Chiesa,Italy,Forward (Winger),18,4,2,7.2
Juventus,2020/2021,Federico Chiesa,Italy,Forward (Winger),43,14,10,7.4
Fiorentina,2019/2020,Federico Chiesa,Italy,Forward (Winger),37,11,6,6.9
Fiorentina,2018/2019,Federico Chiesa,Italy,Forward (Winger),41,12,5,6.8
Fiorentina,2017/2018,Federico Chiesa,Italy,Forward (Winger),38,6,5,7.1
Fiorentina,2016/2017,Federico Chiesa,Italy,Forward (Winger),34,4,2,6.6
Inter,2023/2024,Alexis Sanchez,Chile,Forward (Winger),33,4,5,6.8
Marseille,2022/2023,Alexis Sanchez,Chile,Forward (Winger),44,18,3,7.1
Inter,2021/2022,Alexis Sanchez,Chile,Forward (Winger),39,9,4,6.8
Inter,2020/2021,Alexis Sanchez,Chile,Forward (Winger),38,7,5,6.8
Inter,2019/2020,Alexis Sanchez,Chile,Forward (Winger),32,4,9,7
Man United,2018/2019,Alexis Sanchez,Chile,Forward (Winger),27,2,4,6.6
Man United,2017/2018,Alexis Sanchez,Chile,Forward (Winger),18,3,5,7.4
Arsenal,2016/2017,Alexis Sanchez,Chile,Forward (Winger),51,30,15,7.8
Inter,2023/2024,Juan Cuadrado,Colombia,Forward (Winger),12,0,2,6.5
Juventus,2022/2023,Juan Cuadrado,Colombia,Forward (Winger),47,2,4,7.2
Juventus,2021/2022,Juan Cuadrado,Colombia,Forward (Winger),45,5,5,7.4
Juventus,2020/2021,Juan Cuadrado,Colombia,Forward (Winger),40,2,17,7.6
Juventus,2019/2020,Juan Cuadrado,Colombia,Forward (Winger),45,3,6,7.3
Juventus,2018/2019,Juan Cuadrado,Colombia,Forward (Winger),23,1,4,7.1
Juventus,2017/2018,Juan Cuadrado,Colombia,Forward (Winger),29,5,8,7.5
Juventus,2016/2017,Juan Cuadrado,Colombia,Forward (Winger),45,3,9,7.2
Marseille,2023/2024,Joaquin Correa,Argentina,Forward (Winger),19,0,0,6.4
Inter,2022/2023,Joaquin Correa,Argentina,Forward (Winger),41,4,3,6.5
Inter,2021/2022,Joaquin Correa,Argentina,Forward (Winger),36,6,2,6.7
Lazio,2020/2021,Joaquin Correa,Argentina,Forward (Winger),38,11,5,7.1
Lazio,2019/2020,Joaquin Correa,Argentina,Forward (Winger),35,10,3,7.2
Lazio,2018/2019,Joaquin Correa,Argentina,Forward (Winger),44,9,7,7
Sevilla,2017/2018,Joaquin Correa,Argentina,Forward (Winger),39,7,6,7
Sevilla,2016/2017,Joaquin Correa,Argentina,Forward (Winger),35,8,0,6.7
Inter,2023/2024,Lautaro Martinez,Argentina,Forward (Striker),44,27,3,7.5
Inter,2022/2023,Lautaro Martinez,Argentina,Forward (Striker),57,28,10,7.4
Inter,2021/2022,Lautaro Martinez,Argentina,Forward (Striker),49,25,3,7.3
Inter,2020/2021,Lautaro Martinez,Argentina,Forward (Striker),48,19,7,7.2
Inter,2019/2020,Lautaro Martinez,Argentina,Forward (Striker),49,21,5,6.9
Inter,2018/2019,Lautaro Martinez,Argentina,Forward (Striker),35,9,2,6.5
Tottenham,2023/2024,Dejan Kulusevski,Sweden,Forward (Winger),39,8,3,7.1
Tottenham,2022/2023,Dejan Kulusevski,Sweden,Forward (Winger),37,2,8,7
Juventus,2021/2022,Dejan Kulusevski,Sweden,Forward (Winger),27,2,3,6.6
Juventus,2020/2021,Dejan Kulusevski,Sweden,Forward (Winger),47,7,6,6.8
Parma,2019/2020,Dejan Kulusevski,Sweden,Forward (Winger),39,10,8,6.9
Atalanta,2018/2019,Dejan Kulusevski,Sweden,Forward (Winger),3,0,0,5.9
Atletico Madrid,2023/2024,Axel Witsel,Belgium,Midfielder,51,2,0,7
Atletico Madrid,2022/2023,Axel Witsel,Belgium,Midfielder,43,0,1,6.9
Dortmund,2021/2022,Axel Witsel,Belgium,Midfielder,41,2,0,7
Dortmund,2020/2021,Axel Witsel,Belgium,Midfielder,22,1,0,6.9
Dortmund,2019/2020,Axel Witsel,Belgium,Midfielder,39,4,5,7
Dortmund,2018/2019,Axel Witsel,Belgium,Midfielder,43,6,1,7.2
Atletico Madrid,2023/2024,Rodrigo De Paul,Argentina,Midfielder,48,4,6,7.2
Atletico Madrid,2022/2023,Rodrigo De Paul,Argentina,Midfielder,38,3,8,7.2
Atletico Madrid,2021/2022,Rodrigo De Paul,Argentina,Midfielder,48,4,1,7.1
Udinese,2020/2021,Rodrigo De Paul,Argentina,Midfielder,38,9,9,7.5
Udinese,2019/2020,Rodrigo De Paul,Argentina,Midfielder,35,7,6,7.3
Udinese,2018/2019,Rodrigo De Paul,Argentina,Midfielder,37,9,8,7.5
Udinese,2017/2018,Rodrigo De Paul,Argentina,Midfielder,39,4,7,6.9
Udinese,2016/2017,Rodrigo De Paul,Argentina,Midfielder,35,5,1,6.7
Atletico Madrid,2023/2024,Thomas Lemar,France,Forward (Winger),3,0,0,6.4
Atletico Madrid,2022/2023,Thomas Lemar,France,Forward (Winger),32,1,3,6.9
Atletico Madrid,2021/2022,Thomas Lemar,France,Forward (Winger),35,4,6,7
Atletico Madrid,2020/2021,Thomas Lemar,France,Forward (Winger),36,2,4,6.9
Atletico Madrid,2019/2020,Thomas Lemar,France,Forward (Winger),29,0,0,6.3
Atletico Madrid,2018/2019,Thomas Lemar,France,Forward (Winger),43,4,6,6.8
Monaco,2017/2018,Thomas Lemar,France,Forward (Winger),38,3,8,7.1
Monaco,2016/2017,Thomas Lemar,France,Forward (Winger),55,14,14,7.4
Atletico Madrid,2023/2024,Nahuel Molina,Argentina,Defender (Full-back),46,2,5,7
Atletico Madrid,2022/2023,Nahuel Molina,Argentina,Defender (Full-back),43,4,4,7.2
Udinese,2021/2022,Nahuel Molina,Argentina,Defender (Full-back),37,8,2,7.1
Udinese,2020/2021,Nahuel Molina,Argentina,Defender (Full-back),31,2,5,6.8
Rosario Central,2019/2020,Nahuel Molina,Argentina,Defender (Full-back),24,1,3,7
Defensa y Justicia,2018/2019,Nahuel Molina,Argentina,Defender (Full-back),12,0,0,6.5
Atletico Madrid,2023/2024,Angel Correa,Argentina,Forward (Winger),47,11,3,6.8
Atletico Madrid,2022/2023,Angel Correa,Argentina,Forward (Winger),45,10,3,6.6
Atletico Madrid,2021/2022,Angel Correa,Argentina,Forward (Winger),49,13,6,6.7
Atletico Madrid,2020/2021,Angel Correa,Argentina,Forward (Winger),48,9,11,6.9
Atletico Madrid,2019/2020,Angel Correa,Argentina,Forward (Winger),44,7,7,6.4
Atletico Madrid,2018/2019,Angel Correa,Argentina,Forward (Winger),49,5,4,6.5
Atletico Madrid,2017/2018,Angel Correa,Argentina,Forward (Winger),56,9,9,6.6
Atletico Madrid,2016/2017,Angel Correa,Argentina,Forward (Winger),47,8,10,6.6
Barcelona,2023/2024,Joao Felix,Portugal,Forward (Attacker),44,10,6,7.1
Chelsea,2022/2023,Joao Felix,Portugal,Forward (Attacker),20,4,0,6.7
Atletico Madrid,2021/2022,Joao Felix,Portugal,Forward (Attacker),35,10,5,7
Atletico Madrid,2020/2021,Joao Felix,Portugal,Forward (Attacker),40,10,5,6.8
Atletico Madrid,2019/2020,Joao Felix,Portugal,Forward (Attacker),36,9,3,6.7
Benfica,2018/2019,Joao Felix,Portugal,Forward (Attacker),42,20,8,7.3
Man City,2023/2024,Nathan Ake,Netherlands,Defender (Centre-back),44,3,2,7.2
Man City,2022/2023,Nathan Ake,Netherlands,Defender (Centre-back),41,3,0,7.3
Man City,2021/2022,Nathan Ake,Netherlands,Defender (Centre-back),27,3,0,7
Man City,2020/2021,Nathan Ake,Netherlands,Defender (Centre-back),13,1,0,7
Bournemouth,2019/2020,Nathan Ake,Netherlands,Defender (Centre-back),30,2,2,6.5
Bournemouth,2018/2019,Nathan Ake,Netherlands,Defender (Centre-back),39,4,0,6.6
Bournemouth,2017/2018,Nathan Ake,Netherlands,Defender (Centre-back),40,2,3,6.7
Chelsea,2016/2017,Nathan Ake,Netherlands,Defender (Centre-back),5,0,1,7.4
Watford,2015/2016,Nathan Ake,Netherlands,Defender (Centre-back),28,1,0,6.8
Man City,2023/2024,Manuel Akanji,Switzerland,Defender (Centre-back),48,4,0,7.2
Man City,2022/2023,Manuel Akanji,Switzerland,Defender (Centre-back),48,1,1,7
Dortmund,2021/2022,Manuel Akanji,Switzerland,Defender (Centre-back),36,1,0,7
Dortmund,2020/2021,Manuel Akanji,Switzerland,Defender (Centre-back),41,2,0,6.9
Dortmund,2019/2020,Manuel Akanji,Switzerland,Defender (Centre-back),39,0,2,6.6
Dortmund,2018/2019,Manuel Akanji,Switzerland,Defender (Centre-back),31,1,0,6.9
Basel,2017/2018,Manuel Akanji,Switzerland,Defender (Centre-back),28,2,1,6.8
AC Milan,2023/2024,Christian Pulisic,United States,Forward (Winger),51,16,10,7.3
Chelsea,2022/2023,Christian Pulisic,United States,Forward (Winger),30,1,2,6.5
Chelsea,2021/2022,Christian Pulisic,United States,Forward (Winger),38,8,4,6.9
Chelsea,2020/2021,Christian Pulisic,United States,Forward (Winger),43,6,4,6.9
Chelsea,2019/2020,Christian Pulisic,United States,Forward (Winger),34,11,7,7.2
Dortmund,2018/2019,Christian Pulisic,United States,Forward (Winger),30,7,5,6.7
Dortmund,2017/2018,Christian Pulisic,United States,Forward (Winger),42,5,6,6.9
Dortmund,2016/2017,Christian Pulisic,United States,Forward (Winger),43,5,9,6.9
Nottm Forest,2023/2024,Divock Origi,Belgium,Forward (Striker),22,1,1,6.3
AC Milan,2022/2023,Divock Origi,Belgium,Forward (Striker),36,2,1,6.4
Liverpool,2021/2022,Divock Origi,Belgium,Forward (Striker),18,6,3,7
Liverpool,2020/2021,Divock Origi,Belgium,Forward (Striker),17,1,2,6.3
Liverpool,2019/2020,Divock Origi,Belgium,Forward (Striker),42,6,2,6.5
Liverpool,2018/2019,Divock Origi,Belgium,Forward (Striker),21,7,1,6.5
Wolfsburg,2017/2018,Divock Origi,Belgium,Forward (Striker),36,7,3,6.4
Liverpool,2016/2017,Divock Origi,Belgium,Forward (Striker),43,11,3,6.6
Liverpool,2015/2016,Divock Origi,Belgium,Forward (Striker),33,10,2,6.2
Lille,2014/2015,Divock Origi,Belgium,Forward (Striker),44,9,3,6.7
Girona,2023/2024,Daley Blind,Netherlands,Defender (Full-back),37,3,2,7.3
Bayern Munchen,2022/2023,Daley Blind,Netherlands,Defender (Full-back),5,0,0,6.4
Ajax,2021/2022,Daley Blind,Netherlands,Defender (Full-back),46,2,3,7.5
Ajax,2020/2021,Daley Blind,Netherlands,Defender (Full-back),34,1,2,7.1
Ajax,2019/2020,Daley Blind,Netherlands,Defender (Full-back),34,1,1,6.9
Ajax,2018/2019,Daley Blind,Netherlands,Defender (Full-back),57,6,4,7.2
Man United,2017/2018,Daley Blind,Netherlands,Defender (Full-back),17,1,2,7.3
Man United,2016/2017,Daley Blind,Netherlands,Defender (Full-back),39,1,2,7.4
Girona,2023/2024,Miguel Gutierrez,Spain,Defender (Full-back),40,2,9,7.2
Girona,2022/2023,Miguel Gutierrez,Spain,Defender (Full-back),36,2,3,6.8
Real Madrid,2021/2022,Miguel Gutierrez,Spain,Defender (Full-back),4,0,1,7.4
Real Madrid,2020/2021,Miguel Gutierrez,Spain,Defender (Full-back),6,0,1,7.1
Bayern Munchen,2023/2024,Eric Dier,England,Defender (Centre-back),20,0,0,7
Tottenham,2022/2023,Eric Dier,England,Defender (Centre-back),42,2,1,6.8
Tottenham,2021/2022,Eric Dier,England,Defender (Centre-back),40,0,0,6.9
Tottenham,2020/2021,Eric Dier,England,Defender (Centre-back),39,0,0,6.7
Tottenham,2019/2020,Eric Dier,England,Defender (Centre-back),30,0,2,6.6
Tottenham,2018/2019,Eric Dier,England,Defender (Centre-back),28,3,0,6.6
Tottenham,2017/2018,Eric Dier,England,Defender (Centre-back),47,0,3,7
Tottenham,2016/2017,Eric Dier,England,Defender (Centre-back),48,2,2,7
Bayern Munchen,2023/2024,Raphael Guerreiro,Portugal,Defender (Full-back),28,3,2,7.2
Dortmund,2022/2023,Raphael Guerreiro,Portugal,Defender (Full-back),36,6,14,7.6
Dortmund,2021/2022,Raphael Guerreiro,Portugal,Defender (Full-back),28,5,3,7.2
Dortmund,2020/2021,Raphael Guerreiro,Portugal,Defender (Full-back),40,6,10,7.4
Dortmund,2019/2020,Raphael Guerreiro,Portugal,Defender (Full-back),38,8,3,7.2
Dortmund,2018/2019,Raphael Guerreiro,Portugal,Defender (Full-back),32,6,6,7.3
Dortmund,2017/2018,Raphael Guerreiro,Portugal,Defender (Full-back),15,2,1,7
Dortmund,2016/2017,Raphael Guerreiro,Portugal,Defender (Full-back),35,7,5,7.1
Bayern Munchen,2023/2024,Dayot Upamecano,France,Defender (Centre-back),33,1,0,7.1
Bayern Munchen,2022/2023,Dayot Upamecano,France,Defender (Centre-back),43,1,1,7.2
Bayern Munchen,2021/2022,Dayot Upamecano,France,Defender (Centre-back),38,1,6,7.5
RB Leipzig,2020/2021,Dayot Upamecano,France,Defender (Centre-back),41,1,0,6.9
RB Leipzig,2019/2020,Dayot Upamecano,France,Defender (Centre-back),38,0,1,7
RB Leipzig,2018/2019,Dayot Upamecano,France,Defender (Centre-back),22,0,0,6.9
RB Leipzig,2017/2018,Dayot Upamecano,France,Defender (Centre-back),41,3,0,7
Salzburg,2016/2017,Dayot Upamecano,France,Defender (Centre-back),21,0,2,7.2
Bayern Munchen,2023/2024,Matthijs de Ligt,Netherlands,Defender (Centre-back),30,2,1,7
Bayern Munchen,2022/2023,Matthijs de Ligt,Netherlands,Defender (Centre-back),43,3,1,7.3
Juventus,2021/2022,Matthijs de Ligt,Netherlands,Defender (Centre-back),42,3,1,7.1
Juventus,2020/2021,Matthijs de Ligt,Netherlands,Defender (Centre-back),36,1,1,7.1
Juventus,2019/2020,Matthijs de Ligt,Netherlands,Defender (Centre-back),39,4,0,6.8
Ajax,2018/2019,Matthijs de Ligt,Netherlands,Defender (Centre-back),55,7,1,7.1
Ajax,2017/2018,Matthijs de Ligt,Netherlands,Defender (Centre-back),39,3,3,7
Ajax,2016/2017,Matthijs de Ligt,Netherlands,Defender (Centre-back),23,3,0,6.9
Bayern Munchen,2023/2024,Leon Goretzka,Germany,Midfielder,42,6,9,7.4
Bayern Munchen,2022/2023,Leon Goretzka,Germany,Midfielder,40,6,6,7.3
Bayern Munchen,2021/2022,Leon Goretzka,Germany,Midfielder,27,3,3,7.3
Bayern Munchen,2020/2021,Leon Goretzka,Germany,Midfielder,32,8,7,7.3
Bayern Munchen,2019/2020,Leon Goretzka,Germany,Midfielder,38,8,7,7.3
Bayern Munchen,2018/2019,Leon Goretzka,Germany,Midfielder,42,9,6,7
Schalke 04,2017/2018,Leon Goretzka,Germany,Midfielder,29,4,3,7
Schalke 04,2016/2017,Leon Goretzka,Germany,Midfielder,41,8,4,7.1
Bayern Munchen,2023/2024,Konrad Laimer,Austria,Midfielder,43,1,4,7
RB Leipzig,2022/2023,Konrad Laimer,Austria,Midfielder,29,4,1,7.2
RB Leipzig,2021/2022,Konrad Laimer,Austria,Midfielder,43,5,6,6.9
RB Leipzig,2020/2021,Konrad Laimer,Austria,Midfielder,4,0,0,6.1
RB Leipzig,2019/2020,Konrad Laimer,Austria,Midfielder,42,4,6,6.9
RB Leipzig,2018/2019,Konrad Laimer,Austria,Midfielder,43,2,3,6.8
RB Leipzig,2017/2018,Konrad Laimer,Austria,Midfielder,29,0,2,6.6
Salzburg,2016/2017,Konrad Laimer,Austria,Midfielder,43,4,4,6.3
Bayern Munchen,2023/2024,Jamal Musiala,Germany,Midfielder,38,12,7,7.6
Bayern Munchen,2022/2023,Jamal Musiala,Germany,Midfielder,47,16,13,7.4
Bayern Munchen,2021/2022,Jamal Musiala,Germany,Midfielder,40,8,5,7.2
Bayern Munchen,2020/2021,Jamal Musiala,Germany,Midfielder,37,7,1,6.8
Bayern Munchen,2023/2024,Kingsley Coman,France,Forward (Winger),27,5,3,7.3
Bayern Munchen,2022/2023,Kingsley Coman,France,Forward (Winger),35,9,6,7.4
Bayern Munchen,2021/2022,Kingsley Coman,France,Forward (Winger),32,8,5,7.5
Bayern Munchen,2020/2021,Kingsley Coman,France,Forward (Winger),39,8,5,7.3
Bayern Munchen,2019/2020,Kingsley Coman,France,Forward (Winger),38,8,5,7.1
Bayern Munchen,2018/2019,Kingsley Coman,France,Forward (Winger),30,10,5,7.3
Bayern Munchen,2017/2018,Kingsley Coman,France,Forward (Winger),33,7,6,7.4
Bayern Munchen,2016/2017,Kingsley Coman,France,Forward (Winger),25,2,1,6.9
Girona,2023/2024,Eric Garcia,Spain,Defender (Centre-back),32,5,0,7.1
Barcelona,2022/2023,Eric Garcia,Spain,Defender (Centre-back),32,1,2,6.9
Barcelona,2021/2022,Eric Garcia,Spain,Defender (Centre-back),36,0,0,7
Man City,2020/2021,Eric Garcia,Spain,Defender (Centre-back),12,0,0,6.7
Man City,2019/2020,Eric Garcia,Spain,Defender (Centre-back),20,0,1,6.8
Barcelona,2023/2024,Inigo Martinez,Spain,Defender (Centre-back),25,0,0,6.9
Athletic Club,2022/2023,Inigo Martinez,Spain,Defender (Centre-back),18,1,0,7.1
Athletic Club,2021/2022,Inigo Martinez,Spain,Defender (Centre-back),34,4,0,7.3
Athletic Club,2020/2021,Inigo Martinez,Spain,Defender (Centre-back),33,2,1,6.8
Athletic Club,2019/2020,Inigo Martinez,Spain,Defender (Centre-back),41,1,3,6.8
Athletic Club,2018/2019,Inigo Martinez,Spain,Defender (Centre-back),35,0,1,6.9
Real Sociedad,2017/2018,Inigo Martinez,Spain,Defender (Centre-back),16,1,1,6.9
Real Sociedad,2016/2017,Inigo Martinez,Spain,Defender (Centre-back),40,4,3,6.8
Aston Villa,2023/2024,Clement Lenglet,France,Defender (Centre-back),25,0,1,6.6
Tottenham,2022/2023,Clement Lenglet,France,Defender (Centre-back),35,1,2,6.9
Barcelona,2021/2022,Clement Lenglet,France,Defender (Centre-back),27,0,1,6.7
Barcelona,2020/2021,Clement Lenglet,France,Defender (Centre-back),48,1,0,6.8
Barcelona,2019/2020,Clement Lenglet,France,Defender (Centre-back),40,4,1,6.8
Barcelona,2018/2019,Clement Lenglet,France,Defender (Centre-back),45,2,0,6.8
Sevilla,2017/2018,Clement Lenglet,France,Defender (Centre-back),54,4,1,6.8
Nancy,2016/2017,Clement Lenglet,France,Defender (Centre-back),20,0,0,6.9
Barcelona,2023/2024,Ronald Araujo,Uruguay,Defender (Centre-back),37,1,2,6.9
Barcelona,2022/2023,Ronald Araujo,Uruguay,Defender (Centre-back),31,1,2,7.1
Barcelona,2021/2022,Ronald Araujo,Uruguay,Defender (Centre-back),43,4,0,7.1
Barcelona,2020/2021,Ronald Araujo,Uruguay,Defender (Centre-back),33,2,1,6.9
Barcelona,2019/2020,Ronald Araujo,Uruguay,Defender (Centre-back),6,0,0,6.5
Barcelona,2023/2024,Andreas Christensen,Denmark,Defender (Centre-back),42,3,2,7
Barcelona,2022/2023,Andreas Christensen,Denmark,Defender (Centre-back),32,1,1,7.2
Chelsea,2021/2022,Andreas Christensen,Denmark,Defender (Centre-back),34,2,1,7.3
Chelsea,2020/2021,Andreas Christensen,Denmark,Defender (Centre-back),27,0,0,6.9
Chelsea,2019/2020,Andreas Christensen,Denmark,Defender (Centre-back),28,0,0,6.8
Chelsea,2018/2019,Andreas Christensen,Denmark,Defender (Centre-back),29,0,1,6.9
Chelsea,2017/2018,Andreas Christensen,Denmark,Defender (Centre-back),40,0,0,6.7
M'gladbach,2016/2017,Andreas Christensen,Denmark,Defender (Centre-back),43,4,0,6.9
Barcelona,2023/2024,Alex Balde,Spain,Defender (Full-back),28,1,1,7
Barcelona,2022/2023,Alex Balde,Spain,Defender (Full-back),44,1,6,7.1
Barcelona,2021/2022,Alex Balde,Spain,Defender (Full-back),7,0,0,6.4
Barcelona,2023/2024,Pau Cubarsi,Spain,Defender (Centre-back),24,0,1,6.9
Barcelona,2023/2024,Gavi,Spain,Midfielder,15,2,1,7.3
Barcelona,2022/2023,Gavi,Spain,Midfielder,49,3,6,7
Barcelona,2021/2022,Gavi,Spain,Midfielder,47,2,5,6.9
Barcelona,2023,Fermin Lopez,Spain,Midfielder,42,11,0,7
Linares Deportivo,2022/2023,Fermin Lopez,Spain,Midfielder,40,12,0,6.1
Barcelona,2023/2024,Oriol Romeu,Spain,Midfielder (Defensive),37,0,1,6.8
Girona,2022/2023,Oriol Romeu,Spain,Midfielder (Defensive),34,2,0,7
Southampton,2021/2022,Oriol Romeu,Spain,Midfielder (Defensive),42,2,3,7.3
Southampton,2020/2021,Oriol Romeu,Spain,Midfielder (Defensive),23,1,1,7
Southampton,2019/2020,Oriol Romeu,Spain,Midfielder (Defensive),35,0,0,6.7
Southampton,2018/2019,Oriol Romeu,Spain,Midfielder (Defensive),33,1,0,6.7
Southampton,2017/2018,Oriol Romeu,Spain,Midfielder (Defensive),40,1,0,6.9
Southampton,2016/2017,Oriol Romeu,Spain,Midfielder (Defensive),46,1,0,7.3
Girona,2023/2024,Pablo Torre,Spain,Midfielder,29,1,2,6.4
Barcelona,2022/2023,Pablo Torre,Spain,Midfielder,13,1,1,6.6
Barcelona,2023/2024,Lamine Yamal,Spain,Forward (Winger),50,7,7,7.4
Barcelona,2022/2023,Lamine Yamal,Spain,Forward (Winger),1,0,0,6
Barcelona,2023/2024,Vitor Roque,Brazil,Forward (Striker),16,2,0,6.2
Athletico Paranaense,2022/2023,Vitor Roque,Brazil,Forward (Striker),45,21,6,7.1
Barcelona,2023/2024,Raphinha,Brazil,Forward (Winger),37,10,11,7.4
Barcelona,2022/2023,Raphinha,Brazil,Forward (Winger),50,10,12,7.3
Leeds,2021/2022,Raphinha,Brazil,Forward (Winger),36,11,3,7.3
Leeds,2020/2021,Raphinha,Brazil,Forward (Winger),31,6,9,7.3
Rennes,2019/2020,Raphinha,Brazil,Forward (Winger),30,7,4,6.9
Sporting CP,2018/2019,Raphinha,Brazil,Forward (Winger),36,7,2,7.1
Vitoria de Guimaraes,2017/2018,Raphinha,Brazil,Forward (Winger),43,18,4,7.2
Brighton,2023/2024,Ansu Fati,Spain,Forward (Winger),27,4,1,6.5
Barcelona,2022/2023,Ansu Fati,Spain,Forward (Winger),51,10,3,6.7
Barcelona,2021/2022,Ansu Fati,Spain,Forward (Winger),15,6,0,6.7
Barcelona,2020/2021,Ansu Fati,Spain,Forward (Winger),10,5,2,7.4
Barcelona,2019/2020,Ansu Fati,Spain,Forward (Winger),33,8,1,6.7
Real Madrid,2023/2024,Ferland Mendy,France,Defender (Full-back),37,1,0,7
Real Madrid,2022/2023,Ferland Mendy,France,Defender (Full-back),28,0,1,7.1
Real Madrid,2021/2022,Ferland Mendy,France,Defender (Full-back),35,2,4,7.3
Real Madrid,2020/2021,Ferland Mendy,France,Defender (Full-back),38,2,0,7.1
Real Madrid,2019/2020,Ferland Mendy,France,Defender (Full-back),32,1,2,7.1
Lyon,2018/2019,Ferland Mendy,France,Defender (Full-back),44,3,2,7.1
Lyon,2017/2018,Ferland Mendy,France,Defender (Full-back),35,0,5,7.1
Real Madrid,2023/2024,Eduardo Camavinga,France,Midfielder,46,0,3,7.2
Real Madrid,2022/2023,Eduardo Camavinga,France,Midfielder,59,0,2,7.1
Real Madrid,2021/2022,Eduardo Camavinga,France,Midfielder,40,2,2,7
Rennes,2020/2021,Eduardo Camavinga,France,Midfielder,39,1,2,6.9
Rennes,2019/2020,Eduardo Camavinga,France,Midfielder,36,1,2,6.9
Rennes,2018/2019,Eduardo Camavinga,France,Midfielder,7,0,0,6.7
AC Milan,2023/2024,Samuel Chukwueze,Nigeria,Forward (Winger),34,3,3,6.7
Villarreal,2022/2023,Samuel Chukwueze,Nigeria,Forward (Winger),50,13,10,7.3
Villarreal,2021/2022,Samuel Chukwueze,Nigeria,Forward (Winger),38,7,3,6.8
Villarreal,2020/2021,Samuel Chukwueze,Nigeria,Forward (Winger),40,5,7,6.9
Villarreal,2019/2020,Samuel Chukwueze,Nigeria,Forward (Winger),41,4,3,6.6
Villarreal,2018/2019,Samuel Chukwueze,Nigeria,Forward (Winger),38,8,3,6.8
AC Milan,2023/2024,Rafael Leao,Portugal,Forward (Winger),48,15,12,7.5
AC Milan,2022/2023,Rafael Leao,Portugal,Forward (Winger),48,16,11,7.4
AC Milan,2021/2022,Rafael Leao,Portugal,Forward (Winger),42,14,10,7.5
AC Milan,2020/2021,Rafael Leao,Portugal,Forward (Winger),40,7,6,6.8
AC Milan,2019/2020,Rafael Leao,Portugal,Forward (Winger),33,6,2,6.6
Lille,2018/2019,Rafael Leao,Portugal,Forward (Winger),26,8,3,6.5
Sporting CP,2017/2018,Rafael Leao,Portugal,Forward (Winger),4,1,1,6.4
AC Milan,2023/2024,Noah Okafor,Switzerland,Forward (Winger),37,6,3,6.4
Salzburg,2022/2023,Noah Okafor,Switzerland,Forward (Winger),32,10,4,6.9
Salzburg,2021/2022,Noah Okafor,Switzerland,Forward (Winger),34,14,9,7.3
Salzburg,2020/2021,Noah Okafor,Switzerland,Forward (Winger),29,6,4,6.9
Salzburg,2019/2020,Noah Okafor,Switzerland,Forward (Winger),15,4,1,6.6
Basel,2018/2019,Noah Okafor,Switzerland,Forward (Winger),28,4,2,7.2
AC Milan,2023/2024,Yacine Adli,France,Midfielder,33,1,2,7.1
AC Milan,2022/2023,Yacine Adli,France,Midfielder,6,0,0,6.3
Bordeaux,2021/2022,Yacine Adli,France,Midfielder,36,1,7,6.9
Bordeaux,2020/2021,Yacine Adli,France,Midfielder,36,2,5,6.8
Bordeaux,2019/2020,Yacine Adli,France,Midfielder,25,3,3,6.6
Bordeaux,2018/2019,Yacine Adli,France,Midfielder,7,0,0,6.1
Man United,2023/2024,Diogo Dalot,Portugal,Defender (Full-back),50,3,5,7.2
Man United,2022/2023,Diogo Dalot,Portugal,Defender (Full-back),42,2,2,7.2
Man United,2021/2022,Diogo Dalot,Portugal,Defender (Full-back),30,0,0,7.4
AC Milan,2020/2021,Diogo Dalot,Portugal,Defender (Full-back),33,2,3,6.8
Man United,2019/2020,Diogo Dalot,Portugal,Defender (Full-back),11,1,0,7.3
Man United,2018/2019,Diogo Dalot,Portugal,Defender (Full-back),23,0,2,6.8
FC Porto,2017/2018,Diogo Dalot,Portugal,Defender (Full-back),7,0,1,6.9
Man United,2023/2024,Lisandro Martinez,Argentina,Defender (Centre-back),14,0,1,6.6
Man United,2022/2023,Lisandro Martinez,Argentina,Defender (Centre-back),45,1,0,7.2
Ajax,2021/2022,Lisandro Martinez,Argentina,Defender (Centre-back),37,1,4,7.9
Ajax,2020/2021,Lisandro Martinez,Argentina,Defender (Centre-back),42,3,1,7.2
Ajax,2019/2020,Lisandro Martinez,Argentina,Defender (Centre-back),41,2,1,7
Defensa y Justicia,2018/2019,Lisandro Martinez,Argentina,Defender (Centre-back),29,2,3,7
Lille,2023/2024,Leny Yoro,France,Defender (Centre-back),44,3,0,6.9
Lille,2022/2023,Leny Yoro,France,Defender (Centre-back),15,0,0,6.8
Lille,2021/2022,Leny Yoro,France,Defender (Centre-back),1,0,0,6.3
Man United,2023/2024,Jonny Evans,Northern Ireland,Defender (Centre-back),30,0,1,6.8
Leicester,2022/2023,Jonny Evans,Northern Ireland,Defender (Centre-back),14,0,0,6.5
Leicester,2021/2022,Jonny Evans,Northern Ireland,Defender (Centre-back),27,2,1,7.1
Leicester,2020/2021,Jonny Evans,Northern Ireland,Defender (Centre-back),37,2,2,6.9
Leicester,2019/2020,Jonny Evans,Northern Ireland,Defender (Centre-back),46,2,1,6.9
Leicester,2018/2019,Jonny Evans,Northern Ireland,Defender (Centre-back),28,1,0,6.8
West Brom,2017/2018,Jonny Evans,Northern Ireland,Defender (Centre-back),31,2,2,6.6
West Brom,2016/2017,Jonny Evans,Northern Ireland,Defender (Centre-back),31,2,1,7.2
West Brom,2015/2016,Jonny Evans,Northern Ireland,Defender (Centre-back),34,1,2,7
Man United,2023/2024,Scott McTominay,Scotland,Midfielder,43,10,3,6.9
Man United,2022/2023,Scott McTominay,Scotland,Midfielder,39,3,1,6.8
Man United,2021/2022,Scott McTominay,Scotland,Midfielder,37,2,1,7.1
Man United,2020/2021,Scott McTominay,Scotland,Midfielder,49,7,2,7.1
Man United,2019/2020,Scott McTominay,Scotland,Midfielder,37,5,1,7
Man United,2018/2019,Scott McTominay,Scotland,Midfielder,22,2,0,6.8
Man United,2017/2018,Scott McTominay,Scotland,Midfielder,23,0,0,6.8
Man United,2016/2017,Scott McTominay,Scotland,Midfielder,2,0,0,7.3
Arsenal,2023/2024,Oleksandr Zinchenko,Ukraine,Defender (Full-back),35,1,2,7
Arsenal,2022/2023,Oleksandr Zinchenko,Ukraine,Defender (Full-back),33,1,2,7.1
Man City,2021/2022,Oleksandr Zinchenko,Ukraine,Defender (Full-back),28,0,6,7.2
Man City,2020/2021,Oleksandr Zinchenko,Ukraine,Defender (Full-back),32,0,2,7.1
Man City,2019/2020,Oleksandr Zinchenko,Ukraine,Defender (Full-back),25,1,0,6.9
Man City,2018/2019,Oleksandr Zinchenko,Ukraine,Defender (Full-back),29,1,5,7.4
Man City,2017/2018,Oleksandr Zinchenko,Ukraine,Defender (Full-back),14,0,0,7.3
Arsenal,2023/2024,Gabriel,Brazil,Defender (Centre-back),50,4,0,7.1
Arsenal,2022/2023,Gabriel,Brazil,Defender (Centre-back),48,3,0,7.1
Arsenal,2021/2022,Gabriel,Brazil,Defender (Centre-back),38,5,0,7.1
Arsenal,2020/2021,Gabriel,Brazil,Defender (Centre-back),32,3,1,6.7
Lille,2019/2020,Gabriel,Brazil,Defender (Centre-back),34,1,0,6.7
Lille,2018/2019,Gabriel,Brazil,Defender (Centre-back),17,1,0,7
Arsenal,2023/2024,Ben White,England,Defender (Centre-back),51,4,5,7.1
Arsenal,2022/2023,Ben White,England,Defender (Centre-back),46,2,5,7.1
Arsenal,2021/2022,Ben White,England,Defender (Centre-back),37,0,0,7
Brighton,2020/2021,Ben White,England,Defender (Centre-back),39,0,0,6.6
Leeds,2019/2020,Ben White,England,Defender (Centre-back),49,1,2,7
Arsenal,2023/2024,Jorginho,Italy,Midfielder,36,1,2,6.9
Arsenal,2022/2023,Jorginho,Italy,Midfielder,16,0,1,7.2
Chelsea,2021/2022,Jorginho,Italy,Midfielder,47,9,4,7.5
Chelsea,2020/2021,Jorginho,Italy,Midfielder,43,8,2,7.2
Chelsea,2019/2020,Jorginho,Italy,Midfielder,44,7,2,7.3
Chelsea,2018/2019,Jorginho,Italy,Midfielder,54,2,0,7
SSC Napoli,2017/2018,Jorginho,Italy,Midfielder,39,4,4,7.4
SSC Napoli,2016/2017,Jorginho,Italy,Midfielder,31,0,3,7.4
Arsenal,2023/2024,Thomas Partey,Ghana,Midfielder (Defensive),16,0,0,7
Arsenal,2022/2023,Thomas Partey,Ghana,Midfielder (Defensive),40,3,0,7.4
Arsenal,2021/2022,Thomas Partey,Ghana,Midfielder (Defensive),26,2,1,7.2
Arsenal,2020/2021,Thomas Partey,Ghana,Midfielder (Defensive),33,0,3,7.1
Atletico Madrid,2019/2020,Thomas Partey,Ghana,Midfielder (Defensive),46,4,1,7.2
Atletico Madrid,2018/2019,Thomas Partey,Ghana,Midfielder (Defensive),42,3,6,7.1
Atletico Madrid,2017/2018,Thomas Partey,Ghana,Midfielder (Defensive),50,5,1,7.2
Atletico Madrid,2016/2017,Thomas Partey,Ghana,Midfielder (Defensive),24,1,4,6.7
Arsenal,2023/2024,Declan Rice,England,Midfielder (Defensive),51,7,9,7.6
West Ham,2022/2023,Declan Rice,England,Midfielder (Defensive),50,5,4,7.5
West Ham,2021/2022,Declan Rice,England,Midfielder (Defensive),50,5,4,7.6
West Ham,2020/2021,Declan Rice,England,Midfielder (Defensive),35,2,1,7.1
West Ham,2019/2020,Declan Rice,England,Midfielder (Defensive),40,1,3,6.9
West Ham,2018/2019,Declan Rice,England,Midfielder (Defensive),38,2,1,6.9
West Ham,2017/2018,Declan Rice,England,Midfielder (Defensive),31,0,0,6.3
Arsenal,2023/2024,Gabriel Jesus,Brazil,Forward (Striker),36,8,8,7.1
Arsenal,2022/2023,Gabriel Jesus,Brazil,Forward (Striker),33,11,7,7.3
Man City,2021/2022,Gabriel Jesus,Brazil,Forward (Striker),41,13,11,7.4
Man City,2020/2021,Gabriel Jesus,Brazil,Forward (Striker),42,14,4,7.2
Man City,2019/2020,Gabriel Jesus,Brazil,Forward (Striker),53,23,11,7.3
Man City,2018/2019,Gabriel Jesus,Brazil,Forward (Striker),47,21,7,7
Man City,2017/2018,Gabriel Jesus,Brazil,Forward (Striker),42,17,3,7.1
Man City,2016/2017,Gabriel Jesus,Brazil,Forward (Striker),11,7,5,8
Palmeiras,2015/2016,Gabriel Jesus,Brazil,Forward (Striker),46,21,5,6.6
Palmeiras,2014/2015,Gabriel Jesus,Brazil,Forward (Striker),37,7,4,6.5
Arsenal,2023/2024,Kai Havertz,Germany,Forward (Attacker),51,14,7,7.1
Chelsea,2022/2023,Kai Havertz,Germany,Forward (Attacker),47,9,1,6.9
Chelsea,2021/2022,Kai Havertz,Germany,Forward (Attacker),47,14,5,7.1
Chelsea,2020/2021,Kai Havertz,Germany,Forward (Attacker),45,9,6,6.9
Leverkusen,2019/2020,Kai Havertz,Germany,Forward (Attacker),45,18,9,7.1
Leverkusen,2018/2019,Kai Havertz,Germany,Forward (Attacker),42,20,6,7.4
Leverkusen,2017/2018,Kai Havertz,Germany,Forward (Attacker),35,4,8,7
Leverkusen,2016/2017,Kai Havertz,Germany,Forward (Attacker),28,4,5,6.7
Arsenal,2023/2024,Leandro Trossard,Belgium,Forward (Winger),46,17,2,7
Arsenal,2022/2023,Leandro Trossard,Belgium,Forward (Winger),22,1,10,7
Brighton,2021/2022,Leandro Trossard,Belgium,Forward (Winger),35,8,3,7.1
Brighton,2020/2021,Leandro Trossard,Belgium,Forward (Winger),38,5,5,6.8
Brighton,2019/2020,Leandro Trossard,Belgium,Forward (Winger),31,5,3,6.5
Brighton,2018/2019,Leandro Trossard,Belgium,Forward (Winger),47,22,10,7.5
Arsenal,2023/2024,Reiss Nelson,England,Forward (Winger),23,1,2,6.6
Arsenal,2022/2023,Reiss Nelson,England,Forward (Winger),18,3,3,7.1
Feyenoord,2021/2022,Reiss Nelson,England,Forward (Winger),32,4,7,7.3
Arsenal,2020/2021,Reiss Nelson,England,Forward (Winger),9,1,1,7
Arsenal,2019/2020,Reiss Nelson,England,Forward (Winger),22,3,3,6.6
Hoffenheim,2018/2019,Reiss Nelson,England,Forward (Winger),29,7,0,6.5
Arsenal,2017/2018,Reiss Nelson,England,Forward (Winger),16,0,0,7
SSC Napoli,2023/2024,Matteo Politano,Italy,Forward (Winger),48,9,8,7.1
SSC Napoli,2022/2023,Matteo Politano,Italy,Forward (Winger),37,4,4,7
SSC Napoli,2021/2022,Matteo Politano,Italy,Forward (Winger),39,5,6,6.8
SSC Napoli,2020/2021,Matteo Politano,Italy,Forward (Winger),50,12,4,6.9
SSC Napoli,2019/2020,Matteo Politano,Italy,Forward (Winger),20,2,2,6.6
Inter,2018/2019,Matteo Politano,Italy,Forward (Winger),48,6,7,7
Sassuolo,2017/2018,Matteo Politano,Italy,Forward (Winger),39,11,4,7
Sassuolo,2016/2017,Matteo Politano,Italy,Forward (Winger),42,8,6,6.9
SSC Napoli,2023/2024,Victor Osimhen,Nigeria,Forward (Striker),32,17,3,7.1
SSC Napoli,2022/2023,Victor Osimhen,Nigeria,Forward (Striker),39,31,4,7.6
SSC Napoli,2021/2022,Victor Osimhen,Nigeria,Forward (Striker),32,18,2,7.3
SSC Napoli,2020/2021,Victor Osimhen,Nigeria,Forward (Striker),30,10,3,6.9
Lille,2019/2020,Victor Osimhen,Nigeria,Forward (Striker),38,18,5,6.8
Sporting Charleroi,2018/2019,Victor Osimhen,Nigeria,Forward (Striker),36,20,4,7.1
Wolfsburg,2017/2018,Victor Osimhen,Nigeria,Forward (Striker),13,0,0,5.8
Wolfsburg,2016/2017,Victor Osimhen,Nigeria,Forward (Striker),3,0,0,5.9
SSC Napoli,2023/2024,Khvicha Kvaratskhelia,Georgia,Forward (Winger),45,11,7,7.5
SSC Napoli,2022/2023,Khvicha Kvaratskhelia,Georgia,Forward (Winger),43,14,14,7.6
Rubin,2021/2022,Khvicha Kvaratskhelia,Georgia,Forward (Winger),22,2,4,7.3
Rubin,2020/2021,Khvicha Kvaratskhelia,Georgia,Forward (Winger),23,4,4,7
Rubin,2019/2020,Khvicha Kvaratskhelia,Georgia,Forward (Winger),28,3,2,6.6
Lokomotiv,2018/2019,Khvicha Kvaratskhelia,Georgia,Forward (Winger),10,1,0,6.4
Roma,2023/2024,Chris Smalling,England,Defender (Centre-back),12,0,0,6.6
Roma,2022/2023,Chris Smalling,England,Defender (Centre-back),47,3,1,7
Roma,2021/2022,Chris Smalling,England,Defender (Centre-back),38,4,0,7
Roma,2020/2021,Chris Smalling,England,Defender (Centre-back),21,0,1,6.4
Roma,2019/2020,Chris Smalling,England,Defender (Centre-back),37,3,2,6.8
Man United,2018/2019,Chris Smalling,England,Defender (Centre-back),34,1,0,6.6
Man United,2017/2018,Chris Smalling,England,Defender (Centre-back),46,4,0,7.1
Man United,2016/2017,Chris Smalling,England,Defender (Centre-back),36,2,2,7
Man United,2015/2016,Chris Smalling,England,Defender (Centre-back),55,2,1,8.1
Roma,2023/2024,Leandro Paredes,Argentina,Midfielder,49,5,7,7.4
Juventus,2022/2023,Leandro Paredes,Argentina,Midfielder,35,1,1,6.9
PSG,2021/2022,Leandro Paredes,Argentina,Midfielder,22,1,2,7.1
PSG,2020/2021,Leandro Paredes,Argentina,Midfielder,36,1,3,7
PSG,2019/2020,Leandro Paredes,Argentina,Midfielder,33,1,1,6.8
PSG,2018/2019,Leandro Paredes,Argentina,Midfielder,22,0,2,7
Zenit,2017/2018,Leandro Paredes,Argentina,Midfielder,39,6,8,7.7
Roma,2016/2017,Leandro Paredes,Argentina,Midfielder,41,3,1,7.4
Roma,2023/2024,Paulo Dybala,Argentina,Forward (Attacker),39,16,10,7.4
Roma,2022/2023,Paulo Dybala,Argentina,Forward (Attacker),38,18,7,7.5
Juventus,2021/2022,Paulo Dybala,Argentina,Forward (Attacker),39,15,6,7.5
Juventus,2020/2021,Paulo Dybala,Argentina,Forward (Attacker),26,5,3,7.1
Juventus,2019/2020,Paulo Dybala,Argentina,Forward (Attacker),46,17,9,7.5
Juventus,2018/2019,Paulo Dybala,Argentina,Forward (Attacker),42,10,4,7.2
Juventus,2017/2018,Paulo Dybala,Argentina,Forward (Attacker),46,26,6,7.7
Juventus,2016/2017,Paulo Dybala,Argentina,Forward (Attacker),48,19,8,7.5
Lazio,2023/2024,Pedro Rodriguez,Spain,Forward (Winger),45,3,1,6.5
Lazio,2022/2023,Pedro Rodriguez,Spain,Forward (Winger),46,7,4,6.9
Lazio,2021/2022,Pedro Rodriguez,Spain,Forward (Winger),41,10,6,7.1
Roma,2020/2021,Pedro Rodriguez,Spain,Forward (Winger),40,6,4,7
Chelsea,2019/2020,Pedro Rodriguez,Spain,Forward (Winger),23,2,3,7
Chelsea,2018/2019,Pedro Rodriguez,Spain,Forward (Winger),52,13,5,7.2
Chelsea,2017/2018,Pedro Rodriguez,Spain,Forward (Winger),48,7,5,6.9
Chelsea,2016/2017,Pedro Rodriguez,Spain,Forward (Winger),43,13,11,7.6
Benfica,2023/2024,Nicolas Otamendi,Argentina,Defender (Centre-back),51,4,2,7.4
Benfica,2022/2023,Nicolas Otamendi,Argentina,Defender (Centre-back),46,2,1,7.5
Benfica,2021/2022,Nicolas Otamendi,Argentina,Defender (Centre-back),43,0,1,7.3
Benfica,2020/2021,Nicolas Otamendi,Argentina,Defender (Centre-back),38,1,0,6.9
Man City,2019/2020,Nicolas Otamendi,Argentina,Defender (Centre-back),39,3,0,6.8
Man City,2018/2019,Nicolas Otamendi,Argentina,Defender (Centre-back),33,1,1,7.3
Man City,2017/2018,Nicolas Otamendi,Argentina,Defender (Centre-back),46,5,0,7.2
Man City,2016/2017,Nicolas Otamendi,Argentina,Defender (Centre-back),43,1,1,7.6
Juventus,2023/2024,Adrien Rabiot,France,Midfielder,35,5,3,7.4
Juventus,2022/2023,Adrien Rabiot,France,Midfielder,48,11,5,7.4
Juventus,2021/2022,Adrien Rabiot,France,Midfielder,45,0,2,7.2
Juventus,2020/2021,Adrien Rabiot,France,Midfielder,47,5,3,7.2
Juventus,2019/2020,Adrien Rabiot,France,Midfielder,37,1,1,6.9
PSG,2018/2019,Adrien Rabiot,France,Midfielder,20,2,2,7.4
PSG,2017/2018,Adrien Rabiot,France,Midfielder,50,5,7,7.1
PSG,2016/2017,Adrien Rabiot,France,Midfielder,39,4,4,7.4
AC Milan,2023/2024,Theo Hernandez,France,Defender (Full-back),47,5,11,7.4
AC Milan,2022/2023,Theo Hernandez,France,Defender (Full-back),45,4,5,7.3
AC Milan,2021/2022,Theo Hernandez,France,Defender (Full-back),41,5,9,7.6
AC Milan,2020/2021,Theo Hernandez,France,Defender (Full-back),45,8,7,7.3
AC Milan,2019/2020,Theo Hernandez,France,Defender (Full-back),36,7,3,7.3
Real Sociedad,2018/2019,Theo Hernandez,France,Defender (Full-back),28,1,2,6.8
Real Madrid,2017/2018,Theo Hernandez,France,Defender (Full-back),23,0,2,7.1
Deportivo Alaves,2016/1017,Theo Hernandez,France,Defender (Full-back),38,2,3,7.1
AC Milan,2023/2024,Olivier Giroud,France,Forward (Striker),48,17,9,7
AC Milan,2022/2023,Olivier Giroud,France,Forward (Striker),47,18,7,7
AC Milan,2021/2022,Olivier Giroud,France,Forward (Striker),38,14,3,7.1
Chelsea,2020/2021,Olivier Giroud,France,Forward (Striker),31,11,0,6.7
Chelsea,2019/2020,Olivier Giroud,France,Forward (Striker),25,10,1,6.9
Chelsea,2018/2019,Olivier Giroud,France,Forward (Striker),45,13,9,6.9
Chelsea,2017/2018,Olivier Giroud,France,Forward (Striker),18,5,3,6.7
Inter,2023/2024,Marcus Thuram,France,Forward (Winger),46,15,7,7.3
M'gladbach,2022/2023,Marcus Thuram,France,Forward (Winger),32,16,7,7.3
M'gladbach,2021/2022,Marcus Thuram,France,Forward (Winger),23,3,0,6.7
M'gladbach,2020/2021,Marcus Thuram,France,Forward (Winger),40,11,5,6.9
M'gladbach,2019/2020,Marcus Thuram,France,Forward (Winger),39,14,8,7.1
Guingamp,2018/2019,Marcus Thuram,France,Forward (Winger),38,13,1,6.9
Guingamp,2017/2018,Marcus Thuram,France,Forward (Winger),34,4,1,6.7
Sochaux,2016/2017,Marcus Thuram,France,Forward (Winger),23,1,1,6
Brighton,2023/2024,Lewis Dunk,England,Defender (Centre-back),43,4,1,6.9
Brighton,2022/2023,Lewis Dunk,England,Defender (Centre-back),42,2,0,7.1
Brighton,2021/2022,Lewis Dunk,England,Defender (Centre-back),31,1,0,6.9
Brighton,2020/2021,Lewis Dunk,England,Defender (Centre-back),37,5,0,6.8
Brighton,2019/2020,Lewis Dunk,England,Defender (Centre-back),36,3,3,6.7
Brighton,2018/2019,Lewis Dunk,England,Defender (Centre-back),38,2,1,6.5
Brighton,2017/2018,Lewis Dunk,England,Defender (Centre-back),39,1,1,6.7
Brighton,2016/2017,Lewis Dunk,England,Defender (Centre-back),43,2,1,7.4
Aston Villa,2023/2024,Ezri Konsa,England,Defender (Centre-back),50,1,0,6.8
Aston Villa,2022/2023,Ezri Konsa,England,Defender (Centre-back),40,0,0,6.8
Aston Villa,2021/2022,Ezri Konsa,England,Defender (Centre-back),31,2,0,6.6
Aston Villa,2020/2021,Ezri Konsa,England,Defender (Centre-back),37,2,0,6.7
Aston Villa,2019/2020,Ezri Konsa,England,Defender (Centre-back),31,2,2,6.3
Aston Villa,2018/2019,Ezri Konsa,England,Defender (Centre-back),47,1,0,6.6
Crystal Palace,2023/2024,Marc Guehi,England,Defender (Centre-back),29,0,1,6.8
Crystal Palace,2022/2023,Marc Guehi,England,Defender (Centre-back),40,1,0,7
Crystal Palace,2021/2022,Marc Guehi,England,Defender (Centre-back),42,4,1,7.1
Swansea,2020/2021,Marc Guehi,England,Defender (Centre-back),45,0,0,6.9
Swansea,2019/2020,Marc Guehi,England,Defender (Centre-back),14,0,0,6.7
Crystal Palace,2023/2024,Eberechi Eze,England,Forward (Winger),31,11,6,7.6
Crystal Palace,2022/2023,Eberechi Eze,England,Forward (Winger),40,10,4,7.2
Crystal Palace,2021/2022,Eberechi Eze,England,Forward (Winger),17,1,1,6.9
Crystal Palace,2020/2021,Eberechi Eze,England,Forward (Winger),36,4,6,6.9
QPR,2019/2020,Eberechi Eze,England,Forward (Winger),48,14,8,7.3
QPR,2018/2019,Eberechi Eze,England,Forward (Winger),46,4,3,6.6
QPR,2017/2018,Eberechi Eze,England,Forward (Winger),17,2,0,6.7
Brentford,2023/2024,Ivan Toney,England,Forward (Striker),17,4,2,7.1
Brentford,2022/2023,Ivan Toney,England,Forward (Striker),35,21,5,7.4
Brentford,2021/2022,Ivan Toney,England,Forward (Striker),37,14,6,7.4
Brentford,2020/2021,Ivan Toney,England,Forward (Striker),52,33,10,7.4
Peterborough,2019/2020,Ivan Toney,England,Forward (Striker),39,26,6,7.6
Man United,2023/2024,Kobbie Mainoo,England,Midfielder,32,5,1,7
Man United,2022/2023,Kobbie Mainoo,England,Midfielder,3,0,0,6.3
Sevilla,2023/2024,Jesus Navas,Spain,Defender (Full-back),36,0,2,6.8
Sevilla,2022/2023,Jesus Navas,Spain,Defender (Full-back),49,0,4,6.9
Sevilla,2021/2022,Jesus Navas,Spain,Defender (Full-back),33,0,3,7
Sevilla,2020/2021,Jesus Navas,Spain,Defender (Full-back),43,0,6,7.1
Sevilla,2019/2020,Jesus Navas,Spain,Defender (Full-back),47,0,10,7
Sevilla,2018/2019,Jesus Navas,Spain,Defender (Full-back),44,2,7,7
Sevilla,2017/2018,Jesus Navas,Spain,Defender (Full-back),44,3,2,6.7
Man City,2016/2017,Jesus Navas,Spain,Defender (Full-back),36,0,3,6.8
Real Sociedad,2023/2024,Robin Le Normand,France,Defender (Centre-back),43,2,0,7
Real Sociedad,2022/2023,Robin Le Normand,France,Defender (Centre-back),41,0,0,6.9
Real Sociedad,2021/2022,Robin Le Normand,France,Defender (Centre-back),48,2,2,7
Real Sociedad,2020/2021,Robin Le Normand,France,Defender (Centre-back),43,0,1,6.7
Real Sociedad,2019/2020,Robin Le Normand,France,Defender (Centre-back),39,2,0,6.8
Real Sociedad,2018/2019,Robin Le Normand,France,Defender (Centre-back),7,0,2,6.6
Real Betis,2023/2024,Juan Miranda,Spain,Defender (Full-back),32,2,2,7
Real Betis,2022/2023,Juan Miranda,Spain,Defender (Full-back),31,3,5,7.2
Real Betis,2021/2022,Juan Miranda,Spain,Defender (Full-back),23,1,2,7.1
Real Betis,2020/2021,Juan Miranda,Spain,Defender (Full-back),25,2,2,6.8
Schalke 04,2019/2020,Juan Miranda,Spain,Defender (Full-back),12,0,1,6
Barcelona,2018/2019,Juan Miranda,Spain,Defender (Full-back),4,0,0,7.2
RB Leipzig,2023/2024,Dani Olmo,Spain,Midfielder,25,8,5,7.3
RB Leipzig,2022/2023,Dani Olmo,Spain,Midfielder,31,5,9,7.3
RB Leipzig,2021/2022,Dani Olmo,Spain,Midfielder,31,4,5,6.9
RB Leipzig,2020/2021,Dani Olmo,Spain,Midfielder,46,7,11,7.2
RB Leipzig,2019/2020,Dani Olmo,Spain,Midfielder,15,5,1,6.8
Dinamo Zagreb,2018/2019,Dani Olmo,Spain,Midfielder,44,12,3,7.8
PSG,2023/2024,Fabian Ruiz,Spain,Midfielder,35,3,7,7.4
PSG,2022/2023,Fabian Ruiz,Spain,Midfielder,37,3,3,7.2
SSC Napoli,2021/2022,Fabian Ruiz,Spain,Midfielder,38,7,5,7.4
SSC Napoli,2020/2021,Fabian Ruiz,Spain,Midfielder,42,4,1,7.2
SSC Napoli,2019/2020,Fabian Ruiz,Spain,Midfielder,46,4,6,7.2
SSC Napoli,2018/2019,Fabian Ruiz,Spain,Midfielder,40,7,4,7.4
Real Betis,2017/2018,Fabian Ruiz,Spain,Midfielder,35,3,6,7.4
Real Betis,2016/2017,Fabian Ruiz,Spain,Midfielder,5,0,0,6.4
Villarreal,2023/2024,Alex Baena,Spain,Forward (Winger),45,5,17,7.2
Villarreal,2022/2023,Alex Baena,Spain,Forward (Winger),48,12,3,7.1
Girona,2021/2022,Alex Baena,Spain,Forward (Winger),45,5,6,7
Villarreal,2020/2021,Alex Baena,Spain,Forward (Winger),20,2,3,6.8
Villarreal,2019/2020,Alex Baena,Spain,Forward (Winger),2,0,2,5.7
Real Madrid,2023/2024,Joselu,Spain,Forward (Striker),49,18,3,7
Espanyol,2022/2023,Joselu,Spain,Forward (Striker),38,17,3,7.2
Deportivo Alaves,2021/2022,Joselu,Spain,Forward (Striker),38,14,4,7.2
Deportivo Alaves,2020/2021,Joselu,Spain,Forward (Striker),38,11,3,7.2
Deportivo Alaves,2019/2020,Joselu,Spain,Forward (Striker),37,11,2,6.9
Newcastle,2018/2019,Joselu,Spain,Forward (Striker),20,3,1,6.3
Newcastle,2017/2018,Joselu,Spain,Forward (Striker),32,4,1,6.5
Deportivo La Coruna,2016/2017,Joselu,Spain,Forward (Striker),24,6,1,6.5
Athletic Club,2023/2024,Nico Williams,Spain,Forward (Winger),37,8,16,7.4
Athletic Club,2022/2023,Nico Williams,Spain,Forward (Winger),43,9,4,7.1
Athletic Club,2021/2022,Nico Williams,Spain,Forward (Winger),40,3,1,6.6
Athletic Club,2020/2021,Nico Williams,Spain,Forward (Winger),2,0,0,6.4
Real Sociedad,2023/2024,Mikel Oyarzabal,Spain,Forward (Winger),44,14,3,6.9
Real Sociedad,2022/2023,Mikel Oyarzabal,Spain,Forward (Winger),28,4,1,6.5
Real Sociedad,2021/2022,Mikel Oyarzabal,Spain,Forward (Winger),33,15,4,7.2
Real Sociedad,2020/2021,Mikel Oyarzabal,Spain,Forward (Winger),43,13,10,7.1
Real Sociedad,2019/2020,Mikel Oyarzabal,Spain,Forward (Winger),45,13,13,7.1
Real Sociedad,2018/2019,Mikel Oyarzabal,Spain,Forward (Winger),41,14,2,6.7
Real Sociedad,2017/2018,Mikel Oyarzabal,Spain,Forward (Winger),43,14,6,7
Real Sociedad,2016/2017,Mikel Oyarzabal,Spain,Forward (Winger),43,4,8,6.6